Date,Time,Match,Stars,Odds,HTHG,HTAG,FTHG,FTAG
01/01/2020,13:30,Al Ittihad - Arab Contractors,,3.1,0,0,0,1
01/01/2020,16:00,Huddersfield - Stoke,,3.1,0,1,2,5
01/01/2020,18:15,West Brom - Leeds,,3.5,1,0,1,1
02/01/2020,13:30,Haras El Hodood - Pyramids,,3.5,1,0,1,0
02/01/2020,16:00,El Masry - Smouha,,3,0,1,2,1
02/01/2020,19:00,Olympique de Safi - Hassania Agadir,,2.8,1,0,2,0
02/01/2020,20:45,Derby - Barnsley,,3.6,1,0,2,1
03/01/2020,12:15,Agudat Sport Ashdod - Shimshon Kafr Qasim,,3.2,1,0,3,0
03/01/2020,14:00,Hap. Ramat Gan - Hapoel Katamon,,3.2,2,0,3,0
03/01/2020,18:30,Wadi Degla - El Gaish,,2.9,1,1,1,3
04/01/2020,13:00,Mathare Utd. - Kenya CB,,3,1,0,1,1
04/01/2020,16:00,Macclesfield - Cambridge Utd,,3.3,1,0,1,0
04/01/2020,18:00,Lleida - Castellon,,2.8,1,0,1,0
04/01/2020,20:00,Elche - Huesca,,3.05,0,0,1,1
05/01/2020,12:00,Ebro - La Nucia,,2.9,2,0,2,1
05/01/2020,14:30,Cape Town City - Baroka,,3.5,0,0,1,0
05/01/2020,16:00,Tanta - Zamalek,,3.2,1,1,2,3
05/01/2020,19:00,Youssoufia Berrechid - Hassania Agadir,,2.8,1,1,3,1
05/01/2020,21:00,R. Oviedo - Malaga,,2.9,1,0,1,1
06/01/2020,15:00,Odisha - Chennaiyin,,3.5,2,0,2,0
06/01/2020,18:00,Sakhnin - Maccabi Petah Tikva,,3.5,0,1,2,1
06/01/2020,20:45,Napoli - Inter,,3.5,1,2,1,3
07/01/2020,13:05,Al Jeel - Al Qadisiya,,3.1,0,0,2,2
07/01/2020,16:00,El-Entag El-Harby - El Masry,,2.9,1,0,1,1
07/01/2020,18:30,Stellenbosch - Bloem Celtic,,3,1,0,1,2
07/01/2020,20:45,Doncaster - Shrewsbury,,3.2,1,0,2,0
08/01/2020,14:15,Posta Rangers - Leopards,,2.9,0,0,2,1
08/01/2020,16:00,Smouha - Wadi Degla,,3.1,1,1,2,3
08/01/2020,19:00,Friburguense - America RJ,,3.2,0,0,0,0
08/01/2020,20:30,Xanthi FC - Aris,,3,0,1,0,1
09/01/2020,15:45,Al Adalh - Al Feiha,,3.4,0,0,1,1
09/01/2020,18:30,AO Trikala - Lamia,,2.8,0,0,0,1
09/01/2020,20:00,Barcelona - Atl. Madrid,,3.6,0,0,2,3
10/01/2020,00:00,Assu RN - Potiguar,,3.3,0,0,0,0
10/01/2020,12:30,Ironi Baka - Hapoel Kafr Kanna,,3.5,1,1,1,1
10/01/2020,14:00,Hapoel Umm al-Fahm - Hapoel Petah Tikva,,3.1,2,0,3,2
10/01/2020,20:00,Concarneau - Bastia-Borgo,,2.9,0,0,0,0
11/01/2020,12:00,UCAM Murcia - Mirandes,,3.2,1,0,2,2
11/01/2020,14:30,Baroka - Polokwane,,2.9,1,0,1,0
11/01/2020,16:00,Masr - Arab Contractors,,3,0,3,1,3
11/01/2020,18:00,Annecy - Hyeres,,3.5,2,0,3,0
11/01/2020,20:00,Metz - Strasbourg,,3,0,0,1,0
12/01/2020,12:00,Andorra - Espanyol B,,3,0,1,0,3
12/01/2020,13:30,Haras El Hodood - Smouha,,3.2,0,0,0,0
12/01/2020,16:00,Misr Lel Makkasa - Enppi,,3.1,1,1,1,1
12/01/2020,17:30,Pontedera - Renate,,3,0,0,2,1
12/01/2020,19:15,Bnei Yehuda - Hapoel Tel Aviv,,3.4,1,1,1,2
13/01/2020,13:30,M. Tzur Shalom - Hapoel Bnei Zalfa,,3.1,0,1,1,2
13/01/2020,16:00,Wadi Degla - El-Entag El-Harby,,3,0,1,1,1
13/01/2020,18:00,H. Akko - H. Ironi Rishon,,3.2,0,0,0,2
14/01/2020,13:25,Al-Shoalah - Al Ain,,3,0,0,0,1
14/01/2020,18:15,Nof Hagalil - Maccabi Petah Tikva,,3.3,0,0,0,1
14/01/2020,20:00,Malaga - Ponferradina,,3,1,0,1,0
15/01/2020,14:30,Arconatese - Seregno,,3.2,2,0,3,0
15/01/2020,16:00,Ebro - Olot,,2.6,1,2,1,2
15/01/2020,18:30,Orlando Pirates - Mamelodi Sundowns,,2.9,1,0,1,0
15/01/2020,20:00,Recreativo Huelva - San Fernando,,3.1,0,3,1,3
16/01/2020,15:00,Chennaiyin - North East Utd,,3.8,0,0,2,0
16/01/2020,19:00,Dep. La Coruna - Racing Santander,,3.1,1,1,2,1
16/01/2020,00:00,Assu RN - Santa Cruz de Natal,,3,0,1,0,3
17/01/2020,11:30,Shahin Bushehr - Shahr Khodrou,,2.9,0,0,0,0
17/01/2020,14:00,Hapoel Petah Tikva - Hapoel Katamon,,3.1,2,0,2,0
17/01/2020,17:00,Menemen Bld. - Giresunspor,,3.2,0,1,0,3
17/01/2020,19:00,Maritzburg Utd - Amazulu,,3.2,1,0,1,0
17/01/2020,21:00,Fuenlabrada - Malaga,,2.8,0,0,0,0
18/01/2020,12:00,Ialisos - PAE Egaleo,,2.9,0,0,1,0
18/01/2020,14:00,Ierapetra - Ionikos,,3.1,0,0,0,0
18/01/2020,16:00,El-Entag El-Harby - Haras El Hodood,,3,1,0,1,0
18/01/2020,18:15,Ponferradina - Rayo Vallecano,,3,0,0,1,1
18/01/2020,21:00,Eibar - Atl. Madrid,,3.7,1,0,2,0
19/01/2020,12:00,Elche - Alcorcon,,3,1,0,1,1
19/01/2020,14:30,Supersport Utd - Mamelodi Sundowns,,3,0,1,1,2
19/01/2020,16:30,Ejea - Llagostera,,3.2,0,0,1,0
19/01/2020,18:00,Valencia B - Castellon,,3,0,1,1,2
19/01/2020,20:30,Extremadura UD - Almeria,,3,1,1,1,2
20/01/2020,13:30,Aswan SC - Wadi Degla,,3,0,3,1,3
20/01/2020,16:00,El Gaish - Al Ittihad,,3,0,0,0,3
20/01/2020,18:00,Hapoel Afula - Ashkelon,,3,0,1,2,2
20/01/2020,21:00,Cosenza - Crotone,,3.2,0,1,0,1
21/01/2020,13:39,Tanta - El Gouna,,2.8,1,0,1,0
21/01/2020,16:00,Al Najoom - Najran,,2.8,0,0,0,2
21/01/2020,19:00,Hassania Agadir - Difaa El Jadidi,,2.8,0,0,2,1
21/01/2020,20:30,Crystal Palace - Southampton,,3.2,0,1,0,2
22/01/2020,00:15,Perilima - Sousa,,2.8,1,0,2,1
22/01/2020,13:30,Al-Kawkab - Al Taee,,2.9,1,0,1,0
22/01/2020,15:00,Gozzano - Alessandria,,3,0,0,0,1
22/01/2020,18:00,Teramo - Catanzaro,,3,1,0,1,0
22/01/2020,21:00,Novorizontino - Oeste,,3.4,1,0,2,0
23/01/2020,00:30,Anapolis - Vila Nova FC,,3.6,0,0,0,0
23/01/2020,18:00,Gubbio - Triestina,,3.2,1,0,2,0
23/01/2020,20:00,Beziers - Dunkerque,,3.3,0,1,1,2
23/01/2020,22:00,FAS - Santa Tecla,,3.3,0,0,2,0
24/01/2020,00:00,La Serena - Deportes Temuco,,3.2,0,0,0,0
24/01/2020,12:00,Kiryat Gat - Maccabi Yavne,,3.2,0,1,0,5
24/01/2020,20:00,Auxerre - Sochaux,,2.8,1,1,2,1
24/01/2020,23:40,Gimnasia L.P. - Velez Sarsfield,,3.1,0,0,0,0
25/01/2020,11:00,Yomraspor - Sultanbeyli,,3.1,0,0,1,4
25/01/2020,13:00,Gol Gohar - Saipa,,2.6,1,0,1,1
25/01/2020,15:00,Pro Patria - Juventus U23,,2.9,1,1,3,2
25/01/2020,16:30,Llagostera - Prat,,2.8,1,0,1,1
25/01/2020,18:15,Las Palmas - Tenerife,,3.1,0,0,0,0
25/01/2020,20:45,Pistoiese - Carrarese,,2.8,0,1,1,1
26/01/2020,00:30,Sportivo Belgrano - Sportivo Las Parejas,,2.9,0,0,0,0
26/01/2020,11:30,Catalca - Yeni Orduspor,,3.3,0,1,1,3
26/01/2020,13:00,Naft M.I.S - Sanat Naft,,2.8,1,0,2,0
26/01/2020,15:00,ArzignanoChiampo - Sambenedettese,,3,1,0,1,1
26/01/2020,17:30,Como - Renate,,3,1,0,2,0
26/01/2020,22:00,Crucero del Norte - Def. Pronunciamiento,,3.1,2,0,2,0
27/01/2020,00:00,Defensores Belgrano VR - Sarmiento Resistencia,,2.8,0,0,0,0
27/01/2020,13:30,Haras El Hodood - Aswan SC,,3.1,0,1,1,2
27/01/2020,17:00,Olympique de Safi - Mouloudia Oujda,,2.7,0,1,2,2
27/01/2020,21:00,Bournemouth - Arsenal,,3.9,0,2,1,2
28/01/2020,16:10,Al Sailiya (Qat) - Shahr Khodrou (Irn),,3,0,0,0,0
28/01/2020,18:30,Arminia Bielefeld - Bochum,,4,1,0,2,0
28/01/2020,20:45,Fleetwood - Coventry,,3.4,0,0,0,0
29/01/2020,01:05,Talleres (R.E) - Tristan Suarez,,2.9,0,1,1,1
29/01/2020,16:00,El Masry - Tanta,,3.1,0,0,1,2
29/01/2020,18:00,H. Raanana - Shmona,,3,1,0,1,1
29/01/2020,20:45,Gillingham - Shrewsbury,,3.3,2,0,2,0
30/01/2020,00:10,Chico - Patriotas,,2.8,0,0,1,0
30/01/2020,16:00,El Ismaily - El-Entag El-Harby,,3,2,1,3,2
30/01/2020,18:30,Al Ittihad - Smouha,,3,1,0,1,1
31/01/2020,00:15,Cucuta - Millonarios,,3.1,0,0,1,1
31/01/2020,12:15,Maccabi Jaffa - Agudat Sport Ashdod,,3.2,0,0,1,1
31/01/2020,14:15,Sepahan - Foolad,,3,1,0,2,1
31/01/2020,17:00,Adanaspor AS - Osmanlispor,,3.3,2,0,3,1
31/01/2020,19:00,Maritzburg Utd - Cape Town City,,3,0,0,1,1
31/01/2020,21:00,Tenerife - Gijon,,2.9,2,0,2,1
01/02/2020,01:10,Huracan - Gimnasia L.P.,,2.9,1,1,1,1
01/02/2020,13:00,Granada CF - Espanyol,,2.9,1,1,2,1
01/02/2020,15:00,Olympique Khouribga - Moghreb Tetouan,,2.6,1,2,2,2
01/02/2020,18:15,Ponferradina - Huesca,,3,2,0,3,1
01/02/2020,20:00,Angers - Reims,,3.1,1,1,1,4
01/02/2020,22:05,Bucaramanga - Deportes Tolima,,3,0,0,0,0
01/02/2020,23:40,Atl. Tucuman - Defensa y Justicia,,3,1,0,1,1
02/02/2020,01:45,Argentinos Jrs - Racing Club,,2.9,1,0,1,1
02/02/2020,12:00,Fuenlabrada - Girona,,2.8,0,1,0,1
02/02/2020,14:30,Altinordu - Akhisarspor,,3.7,1,0,2,0
02/02/2020,16:00,Anadia - Sertanense,,2.8,0,0,1,0
02/02/2020,17:30,Gozzano - Pro Vercelli,,2.8,0,0,0,1
02/02/2020,20:30,Racing Santander - Alcorcon,,2.79,0,1,1,1
02/02/2020,23:20,Millonarios - La Equidad,,3.15,1,1,2,2
03/02/2020,01:45,Talleres Cordoba - Boca Juniors,,3.27,0,1,1,2
03/02/2020,13:00,Hapoel Kafr Kanna - Hapoel Herzliya,,3.17,1,1,1,2
03/02/2020,16:00,Enppi - Arab Contractors,,2.93,1,0,2,1
03/02/2020,18:30,Smouha - Misr Lel Makkasa,,2.97,0,0,1,1
03/02/2020,20:45,Grenoble - Le Havre,,2.73,0,0,1,1
04/02/2020,00:00,Aguilas - Santa Fe,,2.84,0,0,1,0
04/02/2020,16:00,El Gouna - Wadi Degla,,3.13,0,0,1,0
04/02/2020,18:30,El Gaish - Masr,,3.1,1,0,4,0
04/02/2020,21:05,Auxerre - Clermont,,2.93,0,0,0,0
05/02/2020,00:00,Envigado - Once Caldas,,3.04,0,0,0,1
05/02/2020,02:05,Patriotas - Dep. Cali,,3,0,0,0,0
05/02/2020,13:05,Foolad - Shahr Khodrou,,2.57,0,0,2,0
05/02/2020,19:00,Reims - Nice,,3.34,0,0,1,1
05/02/2020,21:00,San Martin Burzaco - Deportivo Espanol,,2.75,0,0,1,0
06/02/2020,00:30,Portuguesa - Portuguesa Santista,,2.9,0,0,0,1
06/02/2020,13:30,Naft M.I.S - Sepahan,,2.68,0,0,0,0
06/02/2020,15:00,Rapide Oued Zem - Wydad,,2.91,0,1,1,2
06/02/2020,19:00,Moghreb Tetouan - Berkane,,2.7,0,0,0,0
06/02/2020,20:30,Novorizontino - Figueirense,,3.35,1,0,1,2
06/02/2020,23:15,Brasiliense - Paysandu PA,,2.88,0,1,1,1
07/02/2020,13:30,Shahin Bushehr - Nassaji Mazandaran,,2.53,1,1,2,1
07/02/2020,18:30,Sandhausen - Heidenheim,,3.22,0,1,0,1
07/02/2020,20:00,Le Havre - Caen,,2.94,1,0,1,1
07/02/2020,23:00,Quilmes - Tigre,,2.95,1,0,2,1
08/02/2020,01:10,Argentinos Jrs - Lanus,,2.88,0,0,0,0
08/02/2020,12:00,Mafra - Nacional,,3.16,1,0,0,1
08/02/2020,15:00,Pro Vercelli - Pontedera,,2.88,1,1,3,1
08/02/2020,16:30,H. Raanana - Netanya,,3.03,1,0,1,2
08/02/2020,18:00,Torreense - Oleiros,,2.94,0,1,2,1
08/02/2020,20:00,ABC - Ceara,,2.85,0,0,0,0
08/02/2020,22:05,Cucuta - Petrolera,,2.84,0,1,0,2
09/02/2020,00:10,Dep. Cali - America De Cali,,3.02,1,0,2,1
09/02/2020,12:00,Ebro - Ejea,,2.88,1,1,0,0
09/02/2020,15:00,Pianese - Pro Patria,,2.83,0,1,1,1
09/02/2020,17:00,CD Badajoz - Cordoba,,2.94,0,0,0,1
09/02/2020,18:30,El Ismaily - Zamalek,,2.98,1,0,1,2
09/02/2020,20:30,Malaga - Numancia,,2.88,0,1,2,1
09/02/2020,22:00,Jaguares de Cordoba - Millonarios,,2.96,1,1,4,1
10/02/2020,00:30,Sportivo Belgrano - Def. Pronunciamiento,,2.86,1,1,1,2
10/02/2020,13:30,Tanta - Enppi,,2.86,0,0,0,0
10/02/2020,16:00,Wadi Degla - El Masry,,2.81,0,1,0,3
10/02/2020,18:00,H. Akko - Hapoel Petah Tikva,,2.86,1,0,2,1
10/02/2020,21:00,Ituzaingo - Excursionistas,,2.66,1,0,2,1
11/02/2020,00:30,Santamarina - Sarmiento Junin,,3.05,0,0,1,1
11/02/2020,14:30,Aizawl - TRAU FC,,3.5,0,0,2,0
11/02/2020,18:30,Arab Contractors - Pyramids,,2.98,0,2,0,2
11/02/2020,20:00,GFC Ajaccio - Concarneau,,2.71,1,0,2,0
12/02/2020,17:00,Sporting Ideal - Sertanense,,2.93,0,0,0,1
12/02/2020,20:00,Caucaia - EC Sao Jose,,2.76,0,0,1,2
13/02/2020,01:40,Bogota - Huila,,2.89,0,1,0,4
13/02/2020,18:00,"Atromitos - Aris

",,2.82,0,1,0,1
13/02/2020,20:30,Ferroviaria - Avai,,2.82,0,0,2,0
13/02/2020,23:15,Novo Hamburgo - Ponte Preta,,2.91,0,1,1,2
14/02/2020,18:00,Villefranche - Red Star,,3.01,0,0,0,0
14/02/2020,21:00,Dep. La Coruna - Girona,,2.88,1,0,2,2
14/02/2020,21:00,Patronato - Union de Santa Fe,,2.94,0,0,1,0
15/02/2020,02:05,Petrolera - La Equidad,,2.95,1,0,1,0
15/02/2020,11:00, Yeni Orduspor - Artvin Hopaspor,,3.1,0,0,0,0
15/02/2020,13:00,Hannover - Hamburger SV,,3.8,0,0,1,1
15/02/2020,15:00,Gozzano - Pianese,,2.79,0,0,1,0
15/02/2020,16:30,Portimonense - Moreirense,,3.35,1,1,1,1
15/02/2020,18:15,R. Oviedo - Alcorcon,,2.94,0,2,1,2
15/02/2020,21:00,Elche - Zaragoza,,3.03,1,2,1,2
15/02/2020,23:40,Atl. Tucuman - Argentinos Jrs,,2.96,0,0,0,2
16/02/2020,12:00,Mirandes - Albacete,,3.08,1,1,1,1
16/02/2020,15:00,Pro Patria - Arezzo,,2.87,0,1,0,1
16/02/2020,17:30,Pistoiese - Siena,,2.73,0,0,1,1
16/02/2020,20:00,Patriotas - Santa Fe,,2.78,0,1,0,2
16/02/2020,23:00,Belgrano - Agropecuario,,3.12,0,1,1,1
17/02/2020,02:15,Cucuta - Dep. Pasto,,3,0,0,0,0
17/02/2020,16:00,El Gaish - Misr Lel Makkasa,,2.78,1,0,1,0
17/02/2020,19:00,FC Hermannstadt - Astra,,2.84,0,0,2,2
17/02/2020,20:45,Carrarese - Renate,,2.84,1,0,2,1
17/02/2020,23:00,Estudiantes L.P. - Defensa y Justicia,,2.86,0,1,1,2
18/02/2020,17:00,Olympique Khouribga - Olympique de Safi,,2.8,0,0,1,1
18/02/2020,21:00,Atl. Madrid - Liverpool,,3.11,1,0,1,0
19/02/2020,01:40,Pereira - Jaguares de Cordoba,,3.05,1,0,1,0
19/02/2020,11:00,Yomraspor - Silivrispor,,2.88,1,0,1,1
19/02/2020,21:00,Mirandes - Zaragoza,,3.02,0,1,1,1
20/02/2020,00:00,Boca Juniors - Leones,,3.2,0,0,0,0
20/02/2020,15:00,North East Utd - Hyderabad,,3.84,1,3,1,5
20/02/2020,21:30,Orsomarso - Fortaleza,,2.9,1,1,1,2
21/02/2020,02:05,Atletico F.C. - Cartagena,,3,1,1,1,2
21/02/2020,12:45,Agudat Sport Ashdod - Nordia Jerusalem,,2.97,1,0,2,1
21/02/2020,19:00,U. Cluj - FC Arges,,3.38,0,1,1,1
21/02/2020,21:00,Gijon - Cadiz CF,,2.73,0,0,1,0
21/02/2020,23:15,Novorizontino - Mirassol,,2.96,1,1,1,1
22/02/2020,10:00,Ripensia Timisoara - Metaloglobus,,2.92,3,0,3,0
22/02/2020,13:00,Celta Vigo - Leganes,,3.15,0,0,1,0
22/02/2020,16:00,Alcorcon - Las Palmas,,2.88,1,1,1,1
22/02/2020,18:00,Angers II - Rouen,,2.72,0,0,2,0
22/02/2020,20:45,Siena - AlbinoLeffe,,2.88,0,1,1,1
22/02/2020,23:35,All Boys - Tigre,,2.88,1,1,2,1
23/02/2020,12:00,Lugo - R. Oviedo,,2.94,1,0,1,0
23/02/2020,15:00,Olbia - Pistoiese,,2.9,1,0,1,0
23/02/2020,17:00,Sporting Ideal - Oliveira Hospital,,2.77,1,1,2,1
23/02/2020,19:00,Hassania Agadir - Olympique Khouribga,,3.2,0,0,1,2
23/02/2020,21:00,Rayo Vallecano - Huesca,,2.89,0,0,2,0
23/02/2020,23:20,Bucaramanga - Aguilas,,3.08,2,0,2,0
24/02/2020,21:00,Club Sportivo Penarol - Sportivo Estudiantes,,2.9,0,0,1,3
24/02/2020,23:40,Defensa y Justicia - Rosario Central,,3,2,0,3,0
25/02/2020,01:50,San Martin T. - Sarmiento Junin,,3.4,1,0,2,0
25/02/2020,17:00,Olympique de Safi - FAR Rabat,,2.64,0,1,1,1
25/02/2020,20:45,Cardiff - Nottingham,,3.23,0,0,0,1
26/02/2020,01:30,"Sport Huancayo (Per) - Argentinos Jrs (Arg)

",,2.9,0,0,0,0
26/02/2020,15:00,Avellino - Paganese,,3,0,0,1,0
26/02/2020,17:00,Adanaspor AS - Umraniyespor,,3.45,0,1,0,1
26/02/2020,19:30,Crac Go - Ipora,,2.87,0,0,2,1
27/02/2020,00:00,Salgueiro - Sport Recife,,3.45,1,1,2,1
27/02/2020,13:30,Gol Gohar - Esteghlal F.C.,,2.9,0,0,1,0
27/02/2020,17:00,ASO Chlef - Paradou,,2.49,0,0,0,1
28/02/2020,00:05,Patronato - Instituto,,2.9,1,0,1,1
28/02/2020,13:00,Saipa - Sanat Naft,,2.7,0,1,1,2
28/02/2020,15:00,Pars Janoobi Jam - Tractor,,2.9,1,0,1,0
28/02/2020,17:00,Olympique Khouribga - Rapide Oued Zem,,2.74,0,0,0,0
28/02/2020,21:00,Las Palmas - Malaga,,2.93,0,0,1,1
28/02/2020,23:00,Tigre - Gimnasia Jujuy,,3.37,2,0,3,1
29/02/2020,13:00,Darmstadt - Heidenheim,,3.15,2,0,2,0
29/02/2020,16:00,Ponferradina - Gijon,,2.93,1,0,1,0
29/02/2020,18:00,Mouloudia Oujda - Difaa El Jadidi,,2.94,0,0,1,1
29/02/2020,20:30,Albacete - Rayo Vallecano,,2.89,1,1,1,1
29/02/2020,23:05,Belgrano - Deportivo Moron,,3.63,1,0,1,0
01/03/2020,12:00,Mirandes - Girona,,3.1,0,0,1,1
01/03/2020,16:00,Espanyol - Atl. Madrid,,3.15,1,0,1,1
01/03/2020,18:00,Raja Beni Mellal - Olympique de Safi,,2.91,0,0,0,0
01/03/2020,20:00,Vitoria - Bahia,,2.98,0,0,1,2
01/03/2020,21:30,Gimnasia Mendoza - Villa Dalmine,,3.03,0,1,3,1
02/03/2020,00:10,Cucuta - Bucaramanga,,3.14,0,0,0,1
02/03/2020,19:00,Youssoufia Berrechid - IR Tanger,,2.86,3,0,3,0
02/03/2020,21:00,Dep. Riestra - San Martin T.,,2.87,0,1,0,1
02/03/2020,23:00,Patronato - Talleres Cordoba,,3.17,2,0,3,2
03/03/2020,17:00,Rapide Oued Zem - FAR Rabat,,2.72,0,1,2,2
03/03/2020,19:00,FUS Rabat - Olympique Khouribga,,3.09,1,0,1,0
03/03/2020,23:10,Chacarita Juniors - Instituto,,2.9,1,0,1,0
04/03/2020,01:40,Millonarios - Santa Fe,,3,0,0,0,0
04/03/2020,19:00,Votuporanguense - Audax-SP,,2.97,1,0,1,2
04/03/2020,21:30,Leones - Boca Juniors,,3.34,1,1,1,1
04/03/2020,23:30,CRB - Nautico,,3.15,1,1,2,3
05/03/2020,16:00,El Gaish - Enppi,,2.97,0,0,0,0
05/03/2020,19:00,Olympique de Safi - Renaissance Zemamra,,2.69,1,0,1,3
05/03/2020,21:00,Granada CF - Ath Bilbao,,3.06,0,0,2,1
06/03/2020,00:00,Operario - America MG,,3.12,0,0,0,2
06/03/2020,12:00,Hapoel Azor - Agudat Sport Ashdod,,3.13,0,0,0,0
06/03/2020,19:00,Moghreb Tetouan - Youssoufia Berrechid,,2.99,1,0,2,0
06/03/2020,21:00,Lugo - Cadiz CF,,2.87,0,1,1,1
07/03/2020,01:10,Argentinos Jrs - Rosario Central,,2.98,1,1,2,1
07/03/2020,11:30,Etar - Arda,,3.21,0,0,1,1
07/03/2020,13:00,U. Cluj - Metaloglobus,,3.58,1,1,1,2
07/03/2020,16:00,Extremadura UD - R. Oviedo,,2.87,0,1,1,2
07/03/2020,18:00,Valencia B - Ejea,,3.04,0,1,1,1
07/03/2020,20:00,Leones - Atletico F.C.,,3.96,1,0,1,0
07/03/2020,23:00,Villa Dalmine - Sarmiento Junin,,2.8,0,0,1,0
08/03/2020,12:00,Rayo Vallecano - Elche,,3.4,1,0,2,3
08/03/2020,14:00,Valladolid - Ath Bilbao,,2.85,0,2,1,4
08/03/2020,16:00,Malaga - Zaragoza,,3,0,0,0,1
08/03/2020,18:15,Alcorcon - Mirandes,,3.1,0,0,1,2
08/03/2020,20:00,Chico - Petrolera,,3.06,2,1,2,2
08/03/2020,21:30,Cartagena - U. Magdalena,,2.99,0,1,0,2
08/03/2020,23:15,Ferro Gen. Pico - Huracan Las Heras,,2.6,1,0,1,1
09/03/2020,12:00,FK Rostov - CSKA Moscow,,3,1,1,3,2
09/03/2020,17:00,Raja Beni Mellal - Rapide Oued Zem,,2.96,1,0,1,0
09/03/2020,19:30,Gaz Metan Medias - CFR Cluj,,3.59,0,0,0,0
10/03/2020,02:05,Boca Juniors - Quindio,,3.14,0,1,1,3
10/03/2020,13:00,Krasnodar 2 - Chertanovo M.,,3.49,0,1,1,2
10/03/2020,17:00,Balikesirspor - Bursaspor,,3.78,0,2,1,3
10/03/2020,20:00,Eibar - Real Sociedad,,3.57,0,1,1,2
11/03/2020,02:05,La Equidad - Dep. Pasto,,3.41,0,0,1,1
11/03/2020,12:00,Kizilcaboluk Spor Kulubu - 52 Orduspor,,3.38,1,0,2,1
11/03/2020,16:00,Enppi - Pyramids,,3.21,0,0,0,1
11/03/2020,18:30,Tanta - Wadi Degla,,2.9,0,0,0,0
11/03/2020,21:00,Atletico F.C. - Huila,,2.94,0,0,1,2
12/03/2020,01:30,Barranquilla - Leones,,3.1,1,0,2,3
12/03/2020,16:00,IR Tanger - Wydad,,3.33,0,0,0,2
12/03/2020,18:00,Berkane - FUS Rabat,,2.75,0,1,0,1
12/03/2020,21:30,Orsomarso - Boca Juniors,,3.18,0,1,1,3
12/03/2020,23:30,Santa Cruz - Botafogo PB,,2.91,1,0,3,0
13/03/2020,17:30,Akhmat Grozny - Dynamo Moscow,,2.96,1,1,2,3
13/03/2020,19:00,Rapide Oued Zem - Renaissance Zemamra,,2.76,1,0,2,1
13/03/2020,21:00,Circulo Deportivo - Camioneros Buenos Aires,,2.62,2,0,2,0
13/03/2020,23:15,Oeste - Botafogo SP,,2.8,0,0,3,0
14/03/2020,20:00,San Miguel - UAI Urquiza,,2.7,0,4,2,4
14/03/2020,22:00,Nautico - Fortaleza,,3.06,0,1,0,3
15/03/2020,14:30,Menemen Bld. - Istanbulspor AS,,2.97,1,1,2,2
15/03/2020,20:00,Sportivo Barracas - Puerto Nuevo,,3.16,0,0,0,1
15/03/2020,23:10,Belgrano - Platense,,3.64,1,1,1,1
16/03/2020,02:00,Central Cordoba - Newells Old Boys,,3.28,0,2,1,2
16/03/2020,17:30,Tambov - FK Krylya Sovetov Samara,,3.04,1,0,3,0
16/03/2020,20:00,San Martin Burzaco - General Lamadrid,,2.97,1,0,2,1
17/03/2020,01:05,Chacarita Juniors - Almagro,,2.71,1,1,1,2
18/03/2020,12:30,Hopaspor - Sultanbeyli,,3.41,0,0,0,1
18/03/2020,19:30,Capital - Sobradinho,,3.55,1,0,4,0
21/03/2020,12:00,Vitebsk - Gorodeja,,3.22,1,0,1,0
21/03/2020,15:00,Onze Bravos - Petro Atletico,,3.03,0,0,0,3
22/03/2020,02:00,Jalapa - Ferretti,,3.43,1,0,2,0
26/03/2020,02:30,Real Madriz - Jalapa,,3.15,0,0,1,0
06/04/2020,01:00,Ferretti - Esteli,,3.77,1,0,1,0
17/04/2020,16:30,Belshina - Smolevichi,,2.67,0,0,1,1
24/04/2020,19:00,Neman - Energetik-BGU,,3.05,0,0,3,0
25/04/2020,13:00,Kopetdag Asgabat - Ahal,,2.97,0,1,0,1
25/04/2020,18:00,Dynamo Brest - Shakhtyor Soligorsk,,3.16,0,1,0,2
01/05/2020,15:00,Smolevichi - Energetik-BGU,,3.15,0,1,0,1
02/05/2020,13:00,FC Minsk - Zhodino,,2.9,1,4,2,5
02/05/2020,15:00,Rukh Brest - Gorodeja,,3.25,0,0,1,1
03/05/2020,03:00,Esteli - Managua FC,,2.89,0,0,1,1
04/05/2020,14:15,Sagadam - Kopetdag Asgabat,,2.88,1,0,1,0
08/05/2020,18:00,Gorodeja - FC Minsk,,3.11,1,1,1,1
09/05/2020,16:00,Neman - Rukh Brest,,2.95,0,2,2,4
10/05/2020,03:00,Managua FC - Esteli,,3.2,0,0,1,3
16/05/2020,09:30,Daegu - Pohang,,3.08,0,1,1,1
16/05/2020,13:00,Bochum - Heidenheim,,3.41,2,0,3,0
16/05/2020,15:30,Augsburg - Wolfsburg,,3.74,0,1,1,2
17/05/2020,09:00,Seoul E. - Gyeongnam,,3.36,0,0,2,2
17/05/2020,12:00,Seongnam - Incheon,,3.06,0,0,0,0
17/05/2020,14:00,Belshina - Vitebsk,,2.92,0,0,1,1
19/05/2020,12:00,Brest 2 - BATE 2,,3.44,1,4,2,6
20/05/2020,23:00,Grecia - Zeledon,,3.36,0,0,1,0
21/05/2020,18:00,Neman - Zhodino,,3.3,1,1,3,1
22/05/2020,17:00,Slavia Mozyr - Gorodeja,,3.15,0,1,1,1
23/05/2020,09:00,Jeju Utd - Daejeon,,3.34,1,0,2,3
23/05/2020,11:30,Ansan Greeners - Bucheon FC 1995,,3.1,0,1,0,2
23/05/2020,13:00,Vitebsk - Din. Minsk,,3.15,1,1,1,1
24/05/2020,09:00,Anyang - Gyeongnam,,3.5,1,1,2,3
24/05/2020,18:00,Ramat Hasharon (Isr) - Hapoel Petah Tikva (Isr),,3.56,0,0,1,4
26/05/2020,18:30,Wehen - Sandhausen,,3.21,0,1,0,1
26/05/2020,21:00,Honved - MTK Budapest,,3.31,0,0,0,0
27/05/2020,12:30,Suwon City - Gyeongnam,,3.7,1,0,3,1
27/05/2020,18:00,Opava - Karvina,,3.05,0,0,0,0
27/05/2020,20:30,Dusseldorf - Schalke,,3.41,0,0,2,1
28/05/2020,20:30,Stuttgart - Hamburger SV,,3.45,0,2,3,2
29/05/2020,12:30,Daegu - Sangju Sangmu,,3.39,0,0,1,1
29/05/2020,19:00,Gorodeja - Neman,,3,0,0,0,2
29/05/2020,20:30,Pogon Szczecin - Zaglebie,,3.26,0,3,0,3
30/05/2020,09:00,Jeonnam - Anyang,,3.1,0,1,1,1
30/05/2020,11:30,Gyeongnam - Daejeon,,3.38,0,0,2,2
30/05/2020,13:00,Sandhausen - Hannover,,3.35,0,0,3,1
30/05/2020,16:00,Belshina - Slavia Mozyr,,3.44,2,1,2,3
30/05/2020,20:30,FK Podgorica - Iskra,,2.8,0,0,0,0
31/05/2020,11:30,Asan - Seoul E.,,3.14,0,1,0,1
31/05/2020,14:00,Preussen Munster - Hallescher,,3.23,3,0,4,2
31/05/2020,19:30,Macva - FK Vozdovac,,3.1,0,0,0,1
01/06/2020,19:00,Nof Hagalil - Hapoel Umm al-Fahm,,3.17,1,1,1,1
02/06/2020,15:00,Merw - Sagadam,,3.3,0,1,1,2
02/06/2020,18:00,Jablonec - Liberec,,3.37,0,0,0,1
02/06/2020,20:30,Unterhaching - Ingolstadt,,3.15,1,1,1,2
03/06/2020,16:00,Al Jazira - Al Nawaeir,,2.74,0,0,0,0
03/06/2020,18:00,Ceske Budejovice - Sigma Olomouc,,3.24,0,0,2,0
03/06/2020,20:00,Portimonense - Gil Vicente,,3.19,0,0,1,0
04/06/2020,01:10,Santos DG - Zeledon,,4.28,1,0,3,1
04/06/2020,19:00,Maritimo - Setubal,,3.06,1,0,1,1
05/06/2020,12:30,Incheon - Gangwon,,3.45,1,1,1,2
05/06/2020,18:30,Bochum - St. Pauli,,3.4,1,0,2,0
05/06/2020,20:00,Levski Sofia - Ludogorets,,3.47,0,0,0,1
05/06/2020,22:15,Aves - Belenenses,,3.19,0,2,0,2
06/06/2020,12:00,Busan - Sangju Sangmu,,3.45,1,0,1,1
06/06/2020,14:00,Zwickau - Hallescher,,3.41,1,0,5,1
06/06/2020,17:00,St. Polten - Austria Vienna,,3.48,0,1,1,1
06/06/2020,22:15,Boavista - Moreirense,,3.03,0,0,0,1
07/06/2020,12:00,Seongnam - Daegu,,2.89,0,0,1,2
07/06/2020,14:00,Naestved - Koge,,3.37,0,0,2,1
07/06/2020,18:00,Grbalj - Titograd,,2.78,0,0,0,0
07/06/2020,20:00,OFK Petrovac - Iskra,,4.71,3,1,4,1
08/06/2020,13:30,Lori - Shirak Gyumri,,3.03,1,0,1,1
08/06/2020,19:00,Lamia - Panetolikos,,2.82,1,0,2,0
09/06/2020,18:30,SG Dynamo Dresden - Greuther Furth,,3.59,0,1,1,1
09/06/2020,20:30,Austria Vienna - Altach,,3.71,0,1,0,2
10/06/2020,17:00,Cukaricki - Vojvodina,,2.99,0,1,0,1
10/06/2020,19:00,Hapoel Umm al-Fahm - M. Nazareth,,3.14,0,0,0,0
11/06/2020,19:00,Hapoel Petah Tikva - Ashkelon,,3.05,0,0,1,0
11/06/2020,22:00,Sevilla - Betis,,3.55,0,0,2,0
12/06/2020,15:00,Lori - Alashkert,,3.05,0,1,0,2
12/06/2020,19:30,Fuenlabrada - Tenerife,,2.81,1,0,1,0
12/06/2020,21:45,R. Oviedo - Ponferradina,,2.97,0,0,0,0
13/06/2020,11:30,Seoul E. - Daejeon,,3.37,1,0,1,0
13/06/2020,13:00,Nurnberg - Greuther Furth,,3.63,0,0,0,1
13/06/2020,17:00,Racing Santander - Lugo,,2.9,1,0,1,2
13/06/2020,19:30,Las Palmas - Girona,,2.98,0,0,0,0
14/06/2020,12:00,Gwangju FC - Busan,,3.1,0,1,3,1
14/06/2020,14:00,Ath Bilbao - Atl. Madrid,,2.95,0,0,1,1
14/06/2020,17:00,Mirandes - Numancia,,3.1,1,0,2,1
14/06/2020,18:45,Hapoel Bnei Lod - H. Akko,,3,1,0,2,1
14/06/2020,21:30,Cadiz CF - Rayo Vallecano,,2.95,0,0,1,1
15/06/2020,19:30,Ponferradina - Elche,,2.93,1,1,2,1
15/06/2020,21:30,Tenerife - Málaga,,2.9,0,0,0,0
16/06/2020,12:30,Seongnam - Suwon Bluewings,,2.91,0,2,0,2
16/06/2020,16:00,Chrobry Glogow - GKS Jastrzebie,,3.03,0,0,0,0
16/06/2020,19:30,Lugo - Zaragoza,,3.28,0,1,1,3
17/06/2020,13:00,Busan - Daegu,,3.7,1,1,2,2
17/06/2020,19:30,R. Oviedo - Dep. La Coruna,,2.99,2,1,2,2
17/06/2020,21:45,Rayo Vallecano - Fuenlabrada,,3.08,0,0,1,0
18/06/2020,19:00,Nof Hagalil - Hapoel Umm al-Fahm,,3.05,0,2,1,3
18/06/2020,21:45,Alcorcon - Gijon,,2.89,0,2,0,2
19/06/2020,17:00,FK Krylya Sovetov Samara - Akhmat Grozny,,2.9,1,0,2,4
19/06/2020,19:30,Elche - Girona,,2.94,0,0,1,0
20/06/2020,12:00,Daejeon - Jeonnam,,3,0,0,2,0
20/06/2020,13:30,Middlesbrough - Swansea,,3.16,0,3,0,3
20/06/2020,17:00,Dep. La Coruna - Rayo Vallecano,,2.9,0,2,3,3
20/06/2020,19:00,Balikesirspor - Menemen Bld.ano,,3.15,0,0,0,1
20/06/2020,21:45,Malaga - Extremadura,,2.99,1,0,1,1
21/06/2020,11:00,Incheon - Busan,,3.23,0,0,0,1
21/06/2020,15:00,Newcastle - Sheffield Utd,,3.13,3,0,3,0
21/06/2020,17:00,Racing Santander - Tenerife,,2.98,0,1,1,2
21/06/2020,19:00,Boluspor - Altinordu,,2.99,0,0,0,0
21/06/2020,21:45,Fuenlabrada - Numancia,,2.94,1,0,2,0
22/06/2020,16:00,Academica Clinceni - Chindia Targoviste,,3.06,0,0,1,0
22/06/2020,19:00,Hapoel Umm al-Fahm - H. Akko,,2.85,1,0,1,0
22/06/2020,21:45,Gijon - R. Oviedo,,3.04,0,0,0,1
23/06/2020,19:30,Lugo-Malaga,,2.86,0,0,0,0
23/06/2020,21:45,Extremadura-Zaragoza,,3.1,1,1,2,0
24/06/2020,16:00,Shinnik Yaroslavl - Ural,,3.66,0,1,0,2
24/06/2020,19:30,Tenerife - Mirandes,,3.2,2,0,4,1
24/06/2020,21:45,Albacete - Las Palmas,,2.84,0,0,0,0
25/06/2020,19:30,Almería-Alcorcón,,3.17,0,1,0,1
25/06/2020,21:45,Oviedo-Fuenlabrada,,2.8,0,0,0,0
26/06/2020,15:00,Chrobry Glogow - Sandecja Nowy,,3.18,0,0,1,0
26/06/2020,19:00,Gaz Metan Medias - FC Botosani,,2.99,0,2,0,2
26/06/2020,21:00,Venezia - Ascoli,,3.25,1,1,2,1
27/06/2020,12:00,Busan-Seognam,,2.89,0,1,1,1
27/06/2020,13:30,Aston Vila - Wolves,,3.48,0,0,0,1
27/06/2020,17:00,Deportivo-Ponferradina,,2.83,0,0,2,1
27/06/2020,19:30,Las Palmas - Elche,,2.92,0,0,1,1
27/06/2020,21:45,Racing - Albacete,,2.8,1,0,1,2
28/06/2020,11:00,Jeonnam - Suwon City,,3.45,0,0,1,2
28/06/2020,15:00,Zhodino - Vitebsk,,3.12,0,0,1,0
28/06/2020,17:00,Mirandes - Almeria,,3.05,1,2,2,2
28/06/2020,19:30,Malaga - Girona,,2.88,1,0,1,0
28/06/2020,21:45,Fuenlabrada - Extremadura,,2.96,1,1,1,1
29/06/2020,18:45,Salernitana - Cremonese,,3.03,0,1,3,3
29/06/2020,21:00,Alcorcon-Rayo,,2.95,1,0,3,2
30/06/2020,18:00,Adanspor-Altinordu,,3.63,0,0,0,0
30/06/2020,19:30,Tenerife-Depor,,3.28,0,0,1,1
30/06/2020,21:45,Elche-Cadiz,,2.83,0,0,0,0
01/07/2020,12:00,Jeonnam - Gyeongnam,,3,0,0,4,0
01/07/2020,14:00,Ufa - Rubin Kazan,,2.79,0,0,0,0
01/07/2020,16:30,Boluspor - Hatayspor,,3.25,0,0,1,0
01/07/2020,19:30,R. Oviedo - Mirandes,,3.06,1,0,1,0
01/07/2020,21:45,Ponferradina - Fuenlabrada,,2.82,0,0,0,3
02/07/2020,18:00,Hull - Middlesbrough,,3.29,1,1,2,1
02/07/2020,20:00,Albacete - Alcorcon,,2.92,0,1,1,1
02/07/2020,21:45,Rayo Vallecano - Malaga,,3.55,0,0,0,0
03/07/2020,17:45,Botev Vratsa - Arda,,2.94,0,0,0,0
03/07/2020,19:30,Girona - Zaragoza,,3.2,0,0,1,0
03/07/2020,21:15,Charlton - Millwall,,3.09,0,0,0,1
04/07/2020,11:00,Jeonnam - Ansan Greeners,,3.13,1,0,4,0
04/07/2020,13:00,Suwon Bluewings - Seoul,,3.13,3,1,3,3
04/07/2020,15:30,Dynamo Moscow - Arsenal Tula,,3.24,0,1,0,1
04/07/2020,17:00,Numancia - Extremadura UD,,3.05,1,0,1,0
04/07/2020,19:30,Almeria - Tenerife,,3.05,1,1,1,2
04/07/2020,21:45,Fuenlabrada - Mirandes,,2.91,0,0,2,2
05/07/2020,12:00,Tochigi - Verdy,,2.79,0,0,1,1
05/07/2020,14:00,Ath Bilbao - Real Madrid,,3.49,0,0,0,1
05/07/2020,15:30,Ufa - Ural,,2.88,0,0,1,1
05/07/2020,17:00,Dep. La Coruna - Huesca,,2.98,2,1,2,1
05/07/2020,19:30,Malaga - Albacete,,2.81,0,0,0,0
05/07/2020,21:45,Alcorcon - Lugo,,3.05,1,0,2,2
06/07/2020,12:00,Gia Lai - Hong Linh Ha Tinh,,3.28,1,0,1,0
06/07/2020,18:30,Lamia - Xanthi FC,,2.9,0,0,0,0
06/07/2020,21:45,Zaragoza - Rayo Vallecano,,3.17,1,1,2,4
07/07/2020,16:00,Alashkert - Lori,,2.92,1,1,5,1
07/07/2020,19:30,Mirandes - Elche,,3.05,0,0,1,0
07/07/2020,22:00,Celta Vigo - Atl. Madrid,,3.35,0,1,1,1
08/07/2020,19:30,Malaga - Dep. La Coruna,,2.69,0,0,1,0
08/07/2020,21:45,Ponferradina - Lugo,,2.81,0,0,0,1
08/07/2020,01:30,Chapecoense-SC - Avai,,2.81,0,0,2,0
09/07/2020,16:00,Ural - Dynamo Moscow,,3.02,1,1,2,1
09/07/2020,19:30,Albacete - Gijon,,2.57,0,1,1,1
09/07/2020,22:00,Ath Bilbao - Sevilla,,3.05,1,0,1,2
10/07/2020,19:30,FC Botosani - Astra,,3.37,0,0,0,0
10/07/2020,21:00,Empoli - Frosinone,,3.15,1,0,2,0
11/07/2020,12:00,Kusatsu - Machida,,3.11,0,0,0,1
11/07/2020,16:30,FC Hermannstadt - FC Voluntari,,3.05,1,0,2,1
11/07/2020,18:15,Lamia - AEL Larissa,,2.68,0,0,0,0
11/07/2020,20:15,Belenenses - Moreirense,,3.14,0,0,0,1
12/07/2020,15:30,Lokomotiv Moscow - Ufa,,3.78,0,1,1,1
12/07/2020,19:30,Numancia - Ponferradina,,2.89,0,0,1,0
12/07/2020,21:45,Zaragoza - R. Oviedo,,3.13,0,2,2,4
13/07/2020,19:30,Gijon - Malaga,,2.56,2,0,2,1
13/07/2020,21:45,Elche - Albacete,,2.85,0,0,2,0
14/07/2020,20:45,Millwall - Blackburn,,3.32,1,0,1,0
14/07/2020,22:30,Gil Vicente - Tondela,,3,1,0,3,2
15/07/2020,12:00,Mito-Yamaga,,3.05,2,0,2,2
15/07/2020,15:00,Ural - Arsenal Tula,,3.16,1,1,1,3
15/07/2020,19:00,Birmingham - Charlton,,3.15,0,0,1,1
16/07/2020,17:00,Ufa - Dynamo Moscow,,3.15,0,0,0,1
16/07/2020,19:30,Lokomotiv Moscow - CSKA Moscow,,3.16,1,0,2,1
16/07/2020,21:00,Getafe - Atl. Madrid,,2.97,0,0,0,2
17/07/2020,15:00,Trinec - Vlasim,,3.77,1,0,1,2
17/07/2020,19:00,Menemen Bld. - Altinordu,,3.31,0,0,1,1
17/07/2020,21:00,Malaga - Alcorcon,,2.98,1,0,2,0
18/07/2020,11:00,Jeonnam - Bucheon FC 1995,,2.92,0,0,2,0
18/07/2020,16:00,Smorgon - Arsenal Dzyarzhynsk,,2.96,1,0,1,1
18/07/2020,18:15,"AEL Larissa - Xanthi FC
",,2.84,0,0,0,0
18/07/2020,22:00,Castellon - UD Logrones,,2.86,1,0,1,1
19/07/2020,12:00,Mito - Machida,,3.05,2,0,4,0
19/07/2020,16:00,Barnsley - Nottingham,,3.29,0,0,1,0
19/07/2020,17:30,Falkenbergs - Helsingborg,,3.26,1,0,2,2
19/07/2020,22:00,Cartagena - Baleares,,2.72,0,0,0,0
20/07/2020,16:30,Mioveni - UTA Arad,,2.78,0,1,0,2
20/07/2020,19:00,Akropolis - Vasteras SK,,3.17,2,0,2,0
20/07/2020,21:00,Alcorcon - Girona,,3,0,0,2,0
21/07/2020,17:30,FC Rapid Bucuresti - FC Arges,,2.76,0,0,1,2
21/07/2020,20:00,Turnu Magurele - Petrolul,,2.14,0,0,0,0
21/07/2020,22:00,River Plate - Nacional Asuncion,,3.25,0,0,1,1
22/07/2020,17:30,HIFK - SJK,,3.1,1,0,2,1
22/07/2020,19:00,Hacken - AIK,,3.4,2,0,4,0
22/07/2020,21:30,Ituano - Ferroviaria,,2.92,0,0,0,0
23/07/2020,02:30,Corinthians - Palmeiras,,2.85,1,0,1,0
23/07/2020,16:00,Juventude - SER Caxias,,2.66,1,0,2,0
23/07/2020,19:00,Mjallby - Elfsborg,,3.16,0,4,0,5
23/07/2020,21:00,Pazarspor - Nevsehirspor,,2.93,1,0,2,1
23/07/2020,01:00,Sao Paulo - Bragantino,,3.52,2,2,2,3
24/07/2020,12:00,Hai Phong - Hong Linh Ha Tinh,,2.81,1,0,1,1
24/07/2020,18:15,Naft M.I.S - Persepolis,,2.55,0,1,1,2
24/07/2020,21:00,Venezia - Juve Stabia,,3.15,1,0,1,0
25/07/2020,12:00,Seongnam - Gangwon,,3.25,0,0,0,0
25/07/2020,16:00,TPS - Lahti,,3.16,0,1,1,3
25/07/2020,17:30,Trelleborgs - Dalkurd,,3.17,4,1,4,1
25/07/2020,20:00,Gaz Metan Medias - FCSB,,3.32,0,1,0,1
25/07/2020,23:30,Confianca - Santa Cruz,,3,0,0,0,0
26/07/2020,12:00,Machida - Tochigi,,2.69,2,0,2,0
26/07/2020,15:00,Patrocinense - Boa,,2.76,0,0,0,1
26/07/2020,17:30,AIK - Djurgarden,,3.08,0,0,0,1
26/07/2020,20:00,Barcelona B - Sabadell,,3.18,1,0,1,2
26/07/2020,22:00,Castellon - Cornella,,2.52,1,0,1,0
27/07/2020,18:00,Pars Janoobi Jam - Esteghlal F.C.,,2.71,0,1,0,2
27/07/2020,21:00,Difaa El Jadidi - Raja Casablanca,,2.71,0,0,0,0
28/07/2020,15:45,Zugdidi - Dusheti,,2.77,0,0,1,1
28/07/2020,18:00,Petrolul - FC Arges,,3.1,1,0,1,2
28/07/2020,23:00,Wydad - Mouloudia Oujda,,3.42,0,1,1,1
29/07/2020,02:30,Fortaleza - Ceara,,2.83,0,1,0,1
29/07/2020,12:00,Seongnam - Suwon Bluewings,,2.65,0,0,1,0
29/07/2020,18:00,FC Hermannstadt - Viitorul Constanta,,3.31,0,0,2,0
29/07/2020,20:30,Trabzonspor - Alanyaspor,,3.54,1,0,2,0
29/07/2020,00:00,Novorizontino - Botafogo SP,,2.9,0,0,0,2
30/07/2020,21:00,Difaa El Jadidi - Berkane,,2.5,0,0,0,0
30/07/2020,23:00,Raja Casablanca - Renaissance,,3.37,2,0,3,1
31/07/2020,18:00,Zob Ahan - Naft M.I.S,,2.91,0,1,1,1
31/07/2020,20:30,FCSB - CFR Cluj,,3.65,0,0,0,2
31/07/2020,22:00,Sp. Luqueno - River Plate,,3.23,0,1,0,1
01/08/2020,12:00,Jeju Utd - Jeonnam,,3.21,0,1,1,1
01/08/2020,15:00,Djurgarden - Hacken,,3.26,2,1,3,1
01/08/2020,17:00,Neftekhimik - FK Chayka,,2.93,0,0,1,1
01/08/2020,19:00,Esteghlal F.C. - Sepahan,,2.61,0,0,2,1
01/08/2020,21:45,Benfica - FC Porto,,3.17,0,0,1,2
02/08/2020,12:00,Gyeongnam - Anyang,,3.19,0,0,1,0
02/08/2020,14:30,Norrby - Jonkopings,,3.34,0,0,1,2
02/08/2020,17:00,FC Minsk - Rukh Brest,,3.35,0,1,0,1
02/08/2020,19:00,Monastir - Club Africain,,2.83,0,0,0,0
03/08/2020,00:00,Uberlandia - Boa,,3.06,0,1,2,2
03/08/2020,15:30,WIT Georgia - Gagra,,2.98,0,2,0,4
03/08/2020,18:00,Umea FC - Dalkurd,,3.04,0,2,1,2
03/08/2020,19:30,U Craiova - CFR Cluj,,3,1,1,1,3
04/08/2020,15:30,Shevardeni Tbilisi - Zugdidi,,3.17,1,0,3,1
04/08/2020,18:45,Finn Harps - Shelbourne,,2.91,0,1,0,1
05/08/2020,01:15,Campinense - Sousa,,3,0,0,0,0
05/08/2020,17:30,SJK - KuPS,,3.6,0,0,1,1
05/08/2020,21:00,Moghreb Tetouan - Raja Casablanca,,2.72,0,0,0,0
06/08/2020,02:30,Santa Cruz - Salgueiro,,3.51,0,0,0,0
06/08/2020,17:30,TPS - Honka,,3.32,0,0,0,2
06/08/2020,19:00,Torpedo Kutaisi - Telavi,,2.81,1,0,1,1
06/08/2020,23:00,Berkane - Wydad,,2.65,1,1,2,1
07/08/2020,16:30,Obolon Kyiv - Metalist 1925,,2.94,0,0,3,0
07/08/2020,19:00,Osters - Akropolis,,3.2,0,1,0,1
08/08/2020,02:30,Confianca - Parana,,2.68,0,1,2,2
08/08/2020,12:00,Montedio Yamagata - Kyoto,,3.24,2,2,3,4
08/08/2020,15:00,Orenburg - Neftekhimik,,3.43,1,0,1,0
08/08/2020,17:00,CA Cerro - Plaza Colonia,,2.97,0,0,1,0
08/08/2020,19:00,Raja Casablanca - Olympique de Safi,,3.4,2,0,2,0
08/08/2020,21:00,Chievo - Spezia,,2.79,2,0,2,0
09/08/2020,00:00,Manaus - Vila Nova FC,,2.58,0,0,1,1
09/08/2020,12:00,Machida - Chiba,,2.91,0,2,0,2
09/08/2020,14:30,Orebro - Goteborg,,3.54,0,0,1,1
09/08/2020,17:30,Lahti - Ilves,,3.2,2,0,3,2
09/08/2020,20:00,Nacional - Penarol,,2.87,1,0,1,1
10/08/2020,01:00,Ferroviario - Botafogo PB,,2.72,0,0,2,0
10/08/2020,12:30,Jeju Utd - Asan,,4.15,1,0,2,1
10/08/2020,18:00,Naft M.I.S - Gol Gohar,,2.39,2,1,2,3
10/08/2020,21:00,Al Ittihad - Zamalek,,3.45,0,1,1,1
10/08/2020,23:00,Difaa El Jadidi - FAR Rabat,,2.47,1,0,1,1
11/08/2020,01:00,Londrina - Criciuma,,2.48,0,0,0,0
11/08/2020,17:30,TPV - Jazz Pori,,3.92,0,1,1,1
11/08/2020,19:00,Akropolis - Sundsvall,,3.39,0,1,1,1
11/08/2020,21:00,Youssoufia Berrechid - Mouloudia Oujda,,3.04,1,0,1,1
11/08/2020,23:00,Olympique de Safi - Moghreb Tetouan,,2.63,0,0,0,0
12/08/2020,12:00,Ehime - Montedio Yamagata,,3.2,0,1,0,1
12/08/2020,17:00,Tekstilshtik - FK Chayka,,3,1,1,1,1
12/08/2020,19:00,Trelleborgs - Vasteras SK,,3.39,0,0,1,0
12/08/2020,22:00,River Plate - Guairena FC,,2.82,0,1,2,1
13/08/2020,15:30,12 de Octubre - San Lorenzo,,3.45,0,0,1,0
13/08/2020,19:00,Kalmar - Goteborg,,3.24,1,1,1,1
13/08/2020,22:00,Elche - Zaragoza,,2.9,0,0,0,0
14/08/2020,17:00,Arsenal Tula - Ufa,,2.9,1,1,2,3
14/08/2020,21:00,Renaissance Zemamra - FUS Rabat,,2.85,0,0,1,1
15/08/2020,00:00,Sp. Luqueno - Sol de America,,2.93,1,1,2,2
15/08/2020,12:00,Ansan Greeners - Jeonnam,,3.03,0,0,0,0
15/08/2020,13:30,"Stellenbosch - Golden Arrows
",,2.78,0,0,1,0
15/08/2020,18:15,Saipa - Naft M.I.S,,2.37,0,0,0,0
15/08/2020,20:00,River Plate - Nacional,,3.2,2,2,2,3
15/08/2020,21:30,Brasil de Pelotas - Oeste,,2.72,0,0,1,1
16/08/2020,00:00,Criciuma - Boa,,2.74,2,1,3,1
16/08/2020,12:00,Kanazawa - Kyoto,,3.49,1,0,2,0
16/08/2020,14:30,Falkenbergs - AIK,,3.1,1,1,1,1
16/08/2020,17:30,Norrby - Trelleborgs,,3.27,1,0,1,3
16/08/2020,22:00,Zaragoza - Elche,,3.05,0,0,0,1
17/08/2020,16:00,Enppi - Smouha,,2.38,0,0,0,0
17/08/2020,19:00,Helsingborg - Sirius,,3.59,1,1,1,2
17/08/2020,20:30,Volta Redonda - Ituano,,3.09,0,0,3,1
18/08/2020,15:30,Chippa Utd. - Highlands,,2.71,0,0,0,0
18/08/2020,18:30,Misr Lel Makkasa - El Gouna,,2.57,0,0,1,0
18/08/2020,21:00,Difaa El Jadidi - Renaissance Zemamra,,2.62,0,0,2,1
18/08/2020,22:30,Sport Huancayo - Cajamarca,,3.02,1,0,2,0
19/08/2020,01:30,Oeste - Ponte Preta,,2.91,1,1,1,3
19/08/2020,12:00,Ryukyu - Tochigi,,3.05,0,1,2,2
19/08/2020,18:00,Dynamo Moscow - FK Rostov,,3.05,2,0,2,0
19/08/2020,20:00,El Ismaily - Wadi Degla,,2.56,0,0,1,1
19/08/2020,23:00,Rapide Oued Zem - Moghreb Tetouan,,2.51,1,0,2,1
20/08/2020,18:15,Naft M.I.S - Pars Janoobi Jam,,2.52,0,0,1,0
20/08/2020,20:00,Cerro Largo - Liverpool M.,,3.05,4,2,4,3
20/08/2020,22:00,Elche - Girona,,2.81,0,0,0,0
21/08/2020,14:00,Chongqing Lifan - Shijiazhuang,,3.43,0,0,1,0
21/08/2020,16:00,El-Entag El-Harby - Enppi,,2.19,0,2,0,2
21/08/2020,17:30,SJK - Honka,,3.24,0,0,0,2
21/08/2020,21:00,Smouha - Pyramids,,2.99,0,1,1,2
22/08/2020,12:00,Asan - Jeonnam,,3.1,0,1,0,2
22/08/2020,15:00,Sirius - Hammarby,,3.55,0,1,3,1
22/08/2020,18:30,El Masry - Misr Lel Makkasa,,2.79,0,0,0,2
22/08/2020,21:00,Moghreb Tetouan - FUS Rabat,,2.7,0,0,1,0
22/08/2020,23:00,Olympique de Safi - Rapide Oued Zem,,2.6,1,0,1,0
23/08/2020,11:00,Montedio Yamagata - Kofu,,2.99,1,1,3,1
23/08/2020,15:30,Ufa - FK Rostov,,2.86,0,0,0,1
23/08/2020,18:00,Spartak Moscow - Lokomotiv Moscow,,3.14,0,1,2,1
23/08/2020,23:00,FAR Rabat - Mouloudia Oujda,,2.98,0,1,1,1
24/08/2020,01:00,Sol de America - Guairena FC,,2.88,0,1,2,1
24/08/2020,15:30,Maritzburg Utd - Bidvest Wits,,2.64,0,0,0,0
24/08/2020,18:00,Oygarden - Jerv,,3.42,0,0,1,0
24/08/2020,20:45,Red Star - Bastia,,2.8,1,2,3,5
25/08/2020,17:00,Enppi - Aswan SC,,2.85,1,1,1,1
25/08/2020,22:30,Guarani - Nacional Asuncion,,3.13,0,0,1,0
26/08/2020,16:00,El Gaish - Smouha,,2.52,0,0,1,1
27/08/2020,01:15,Nacional - Progreso,,3.5,2,0,2,1
27/08/2020,16:00,Al Ittihad - Haras El Hodood,,2.54,0,0,1,1
27/08/2020,18:00,Difaa El Jadidi - Moghreb Tetouan,,2.65,2,0,2,0
27/08/2020,18:30,Misr Lel Makkasa - Wadi Degla,,2.71,1,2,1,3
27/08/2020,22:15,Wanderers - Liverpool M.,,3,1,0,2,0
28/08/2020,18:00,Stellenbosch - Chippa Utd.,,2.45,1,0,1,1
28/08/2020,20:00,Creteil - Orleans,,2.77,0,0,1,0
29/08/2020,01:30,Cuiaba Esporte - Chapecoense-SC,,3.03,0,1,2,1
29/08/2020,12:00,Ryukyu - Montedio Yamagata,,3.28,0,2,1,4
29/08/2020,13:30,Highlands - Maritzburg Utd,,2.61,0,1,1,1
29/08/2020,15:30,El-Entag El-Harby - El Gaish,,2.49,0,0,0,1
29/08/2020,18:00,FAR Rabat - Olympique Khouribga,,3.1,1,0,1,1
29/08/2020,21:30,Vitoria - Parana,,2.9,0,0,1,0
30/08/2020,00:00,Manaus - Paysandu PA,,2.93,1,1,2,1
30/08/2020,12:00,Machida - Okayama,,2.92,2,0,2,0
30/08/2020,14:30,Mjallby - Goteborg,,3.3,0,1,1,1
30/08/2020,16:00,KA Akureyri - Stjarnan,,3.5,0,0,0,0
30/08/2020,21:00,Londrina - Boa,,2.23,0,0,2,0
31/08/2020,00:00,CSA - CRB,,2.87,0,2,0,2
31/08/2020,17:00,Haras El Hodood - Misr Lel Makkasa,,2.42,0,1,1,1
31/08/2020,19:00,Norrby - Orgryte,,3.27,0,0,2,0
31/08/2020,21:00,Olympique de Safi - Difaa El Jadidi,,2.33,1,0,1,0
31/08/2020,22:30,Cesar Vallejo - Sport Huancayo,,3.4,0,0,2,0
01/09/2020,19:15,Dep. Cuenca - Tecnico U.,,3.21,1,2,2,2
01/09/2020,22:30,Llacuabamba - Grau,,3.29,2,0,2,0
02/09/2020,02:30,Confianca - Vitoria,,2.9,0,0,1,0
02/09/2020,12:00,Chiba - Avispa Fukuoka,,3.2,1,1,2,2
02/09/2020,15:30,El Gaish - Aswan SC,,2.55,0,0,0,0
02/09/2020,18:00,Maritzburg Utd - Orlando Pirates,,2.79,0,0,0,1
02/09/2020,20:30,Smouha - El-Entag El-Harby,,2.69,1,1,1,2
03/09/2020,18:00,Masr - Haras El Hodood,,2.47,1,0,1,1
03/09/2020,20:00,Orleans - Bastia-Borgo,,3.05,1,0,3,0
04/09/2020,17:00,Misr Lel Makkasa - El Ismaily,,2.57,2,1,4,1
04/09/2020,19:00,GAIS - Trelleborgs,,3.15,0,0,2,1
05/09/2020,00:15,Figueirense - Parana,,2.67,0,0,0,1
05/09/2020,11:00,Albirex Niigata - Iwata,,3.29,1,1,1,3
05/09/2020,13:00,Shinnik Yaroslavl - FK Chayka,,3.15,0,0,0,0
05/09/2020,15:30,Bloem Celtic - Maritzburg Utd,,2.56,1,1,3,1
05/09/2020,17:00,JS Kairouan - US Tataouine,,2.76,0,0,0,0
05/09/2020,22:00,Imperatriz - Botafogo PB,,3.46,0,1,1,2
06/09/2020,02:00,Brasil de Pelotas - Nautico,,2.88,1,0,2,1
06/09/2020,12:00,Suwon City - Jeonnam,,3.36,1,1,2,2
06/09/2020,16:00,Bragantino - Palmeiras,,3.14,0,0,1,2
06/09/2020,21:00,Boa - Brusque,,3.24,0,0,0,1
06/09/2020,23:00,San Lorenzo - Sol de America,,3.59,1,0,1,1
07/09/2020,15:30,Al Ittihad - Misr Lel Makkasa,,2.54,0,1,1,3
07/09/2020,17:00,Monastir - Esperance Tunis,,2.61,0,0,0,1
07/09/2020,19:30,Grindavik - Vestmannaeyjar,,3.34,0,0,1,1
07/09/2020,22:00,Villa Espanola - Rampla Juniors,,2.92,0,1,1,2
08/09/2020,17:15,Albion - Juventud,,2.14,0,1,2,1
08/09/2020,20:00,Taubate - Sao Bento,,2.86,0,0,0,0
08/09/2020,22:00,Tacuarembo - Racing Montevideo,,2.58,0,0,0,0
09/09/2020,00:15,Juventude - Confianca,,2.94,0,1,3,1
09/09/2020,12:00,Montedio Yamagata - Avispa Fukuoka,,3.11,0,0,0,1
09/09/2020,13:30,Tomsk - Tekstilshtik,,3.05,0,0,0,2
09/09/2020,15:00,Plaza Colonia - Cerro Largo,,2.78,1,1,1,3
09/09/2020,18:00,FAR Rabat - Wydad,,2.87,0,1,1,1
09/09/2020,22:30,Athletico-PR - Botafogo RJ,,3.55,0,0,1,1
10/09/2020,00:15,Parana - America MG,,2.99,0,0,0,1
10/09/2020,17:00,Sfaxien - Club Africain,,2.72,1,0,1,0
10/09/2020,19:00,Goteborg - Hammarby,,3.49,0,1,0,4
10/09/2020,22:15,CA Cerro - Boston River,,3.14,0,0,2,1
11/09/2020,00:15,Corinthians - Palmeiras,,3.03,0,1,0,2
11/09/2020,15:30,Masr - Al Itthad,,2.7,1,2,2,2
11/09/2020,18:00,El Gaish - El Gouna,,2.65,1,0,4,1
11/09/2020,20:00,Red Star - Villefranche,,2.91,0,0,0,2
11/09/2020,23:00,Sp. Luqueno - 12 de Octubre,,3.15,0,1,2,1
12/09/2020,11:30,Jeonnam - Gyeongnam,,2.99,1,1,2,2
12/09/2020,13:30,Qviding - Landskrona,,4.3,1,0,1,0
12/09/2020,15:30,Ural - Khimki,,3.16,2,0,3,1
12/09/2020,18:00,Enppi - Wadi Degla,,2.65,1,1,2,1
12/09/2020,20:00,Progreso - Cerro Largo,,3.05,1,1,1,2
12/09/2020,22:00,Botafogo PB - Vila Nova FC,,3.03,0,0,0,0
13/09/2020,01:00,Dep. Cali - Millonarios,,2.96,1,0,1,1
13/09/2020,11:00,Tochigi - Yamaga,,2.88,1,1,1,1
13/09/2020,13:30,Gloria Buzau - U. Cluj,,2.82,0,1,2,1
13/09/2020,15:00,West Brom - Leicester,,3.39,0,0,0,3
13/09/2020,15:00,Sao Bernardo - Juventus-SP,,3.1,0,0,0,0
13/09/2020,17:00,Dila Gori - Telavi,,3.25,0,0,0,0
13/09/2020,21:00,Tenerife - Malaga,,3.08,1,0,2,0
14/09/2020,02:30,Dep. Pasto - Deportes Tolima,,2.65,1,2,1,3
14/09/2020,15:30,Haras El Hodood - El Masry,,2.59,1,0,1,2
14/09/2020,17:30,Lahti - KuPS,,4.01,1,0,1,2
14/09/2020,20:15,Ayacucho - Dep. Municipal,,3.16,1,1,1,2
15/09/2020,01:00,Juventude - Vitoria,,3.19,1,0,1,1
15/09/2020,13:00,Gwangju FC - Sangju Sangmu,,3.33,0,0,0,1
15/09/2020,16:00,La Serena - U. De Concepcion,,3.2,0,0,0,1
15/09/2020,21:45,Racing Montevideo - Albion,,2.64,0,0,1,1
16/09/2020,00:15,Confianca - Avai,,2.86,0,1,2,2
16/09/2020,11:00,Busan - Gangwon,,3.53,0,0,1,2
16/09/2020,16:00,US Tataouine - Chebba,,2.82,0,0,0,0
16/09/2020,18:00,El Gouna - Smouha,,2.65,0,1,1,2
16/09/2020,20:15,IR Tanger - FAR Rabat,,2.62,0,1,1,1
17/09/2020,02:30,Corinthians - Bahia,,3.2,2,1,3,1
17/09/2020,18:00,El Masry - El Gaish,,2.71,0,0,0,0
17/09/2020,21:00,San Felipe - Nublense,,2.79,0,0,0,0
18/09/2020,00:00,Botafogo RJ - Vasco,,3.09,0,0,1,0
18/09/2020,15:00,Albion - Cerrito,,2.15,0,0,1,3
18/09/2020,18:00,Haras El Hodood - Enppi,,2.59,2,1,3,2
18/09/2020,20:00,Bastia-Borgo - Le Mans,,2.88,0,1,1,1
19/09/2020,00:15,Confianca - Guarani,,2.78,0,0,1,0
19/09/2020,10:00,Mioveni - Metaloglobus Bucharest,,2.89,0,1,0,1
19/09/2020,11:30,Anyang - Jeonnam,,2.97,1,1,1,2
19/09/2020,14:00,Chertanovo M. - F. Voronezh,,2.91,0,1,0,3
19/09/2020,16:00,Mirandes - R. Oviedo,,2.85,0,0,1,1
19/09/2020,18:00,Dep. Municipal - Carlos Mannucci,,3.07,0,0,0,1
19/09/2020,21:00,Patriotas - Envigado,,2.94,0,1,0,1
19/09/2020,22:30,Cerro Largo - Fenix,,3.28,0,0,0,0
20/09/2020,03:10,Millonarios - Once Caldas,,3.02,1,2,1,3
20/09/2020,10:00,Machida - Omiya Ardija,,3,0,0,0,0
20/09/2020,14:30,Akropolis - Halmstad,,3.88,1,1,1,1
20/09/2020,16:00,Huesca - Cadiz CF,,3.06,0,1,0,2
20/09/2020,18:30,CD Santa Cruz - Deportes Temuco,,2.91,0,1,0,2
20/09/2020,20:00,Arab Contractors - Al Ittihad,,2.65,0,0,1,1
20/09/2020,22:30,CA Cerro - Rentistas,,3.36,1,0,1,0
21/09/2020,17:30,El Gaish - Wadi Degla,,2.57,1,0,1,0
21/09/2020,19:00,Elfsborg - Hacken,,3.55,1,0,1,1
21/09/2020,22:30,Alianza Lima - Cesar Vallejo,,4.14,0,0,1,1
22/09/2020,17:15,Juventud - Atenas,,2.75,1,0,1,0
22/09/2020,19:00,Norrby - Sundsvall,,3.42,0,1,0,1
22/09/2020,22:00,Grau - Dep. Municipal,,2.83,0,2,3,2
23/09/2020,02:30,America MG - Ponte Preta,,2.97,2,0,3,1
23/09/2020,12:00,Okayama - Montedio Yamagata,,2.97,0,0,2,1
23/09/2020,16:00,Chebba - Esperance Tunis,,3.02,0,2,0,2
23/09/2020,18:00,Alianza Huanuco - Cusco,,3.34,0,0,1,0
23/09/2020,21:00,S. Morning - Valdivia,,2.87,1,1,1,1
24/09/2020,15:00,Wadi Degla - Smouha,,2.74,0,0,0,0
24/09/2020,18:30,Hapoel Iksal Imad - H. Akko,,2.92,1,0,3,2
24/09/2020,20:15,Wydad - Raja Casablanca,,2.41,0,0,0,0
25/09/2020,15:00,Haras El Hodood - El Gaish,,2.69,0,0,0,0
25/09/2020,17:00,Cesar Vallejo - AD Cantolao,,3.69,1,0,1,1
25/09/2020,20:00,Le Mans - Bourg en Bresse,,3.21,1,0,1,0
26/09/2020,03:05,Once Caldas - Atl. Nacional,,3.01,1,0,2,0
26/09/2020,13:00,Alaves - Getafe,,2.8,0,0,0,0
26/09/2020,15:00,Dalkurd - Akropolis,,3.28,1,0,1,1
26/09/2020,18:15,Logrones - Castellon,,2.94,0,0,1,1
26/09/2020,21:00,Sao Bento - Boa,,2.99,1,0,1,1
26/09/2020,23:30,Brasil de Pelotas - Parana,,2.66,0,0,1,1
27/09/2020,07:00,Montedio Yamagata - Iwata,,3.36,1,0,1,0
27/09/2020,11:00,Tochigi - Machida,,2.81,1,0,2,0
27/09/2020,14:30,Helsingborg - Ostersunds,,3.44,0,0,0,1
27/09/2020,16:00,D. Puerto Montt - Cobreloa,,2.89,0,0,1,0
27/09/2020,17:30,Elfsborg - Goteborg,,3.67,0,0,0,0
27/09/2020,23:15,Atletico GO - Botafogo RJ,,3.39,0,1,1,1
28/09/2020,15:00,Smouha - Haras El Hodood,,2.77,0,0,2,0
28/09/2020,17:00,FC Hermannstadt - FC Botosani,,3.35,1,1,2,1
28/09/2020,18:45,Boulogne - Villefranche,,2.93,0,0,0,0
28/09/2020,22:30,Orsomarso - Real San Andres,,2.92,2,1,2,1
29/09/2020,01:00,CRB - America MG,,3.11,0,0,0,0
29/09/2020,15:30,Enppi - Misr Lel Makkasa,,2.71,0,0,1,0
29/09/2020,18:00,Concarneau - Cholet,,2.8,0,1,0,1
29/09/2020,20:30,U. San Martin - Cesar Vallejo,,3.22,0,1,0,1
29/09/2020,22:15,Juventude - Operario,,3.12,0,0,1,0
30/09/2020,10:00,Yamaga - Kanazawa,,3.22,0,0,0,1
30/09/2020,19:30,Confianca - Brasil de Pelotas,,2.54,0,1,1,1
30/09/2020,23:00,Tigres - Cartagena,,3.07,1,0,1,1
01/10/2020,10:00,Hai Phong - Song Lam Nghe An,,3.04,1,1,3,1
01/10/2020,19:00,S. Morning - San Felipe,,2.83,0,1,0,4
01/10/2020,20:30,Alianza Huanuco - Cajamarca,,2.99,0,0,0,0
02/10/2020,00:45,U. Magdalena - Leones,,2.99,0,2,1,3
02/10/2020,18:00,Carlos Stein - U. San Martin,,3.06,1,0,1,2
02/10/2020,20:00,Villefranche - Le Mans,,2.73,0,0,0,1
02/10/2020,21:30,Figueirense - Oeste,,2.85,2,1,4,1
03/10/2020,01:05,Cucuta - Santa Fe,,2.97,2,1,2,3
03/10/2020,16:00,Mirandes - Ponferradina,,2.85,0,0,0,1
03/10/2020,18:30,Elche - Huesca,,3.26,0,0,0,0
03/10/2020,20:00,Rapide Oued Zem - Difaa El Jadidi,,3.38,0,0,1,0
03/10/2020,21:30,Brasil de Pelotas - Chapecoense-SC,,2.63,0,0,0,1
04/10/2020,07:00,Kanazawa - Kofu,,3.56,1,0,2,1
04/10/2020,11:00,Tochigi - V-Varen Nagasaki,,3,0,1,0,1
04/10/2020,16:00,Valdivia - Copiapo,,2.65,2,0,4,2
04/10/2020,20:30,Cartagena - Lugo,,2.82,1,0,2,1
04/10/2020,23:00,Patriotas - Junior,,2.76,0,0,0,0
05/10/2020,16:00,Deportes Temuco - San Luis,,3.1,0,1,0,1
05/10/2020,17:30,El Gouna - El Masry,,2.85,0,0,0,2
05/10/2020,19:00,Trelleborgs - Norrby,,3.08,1,2,2,2
06/10/2020,01:00,Jacuipense - Vila Nova FC,,2.17,0,2,0,3
06/10/2020,18:30,Mioveni - Turnu Magurele,,3.04,0,0,0,0
06/10/2020,20:00,Difaa El Jadidi - FUS Rabat,,2.59,0,2,1,2
06/10/2020,22:00,Confianca - CRB,,2.79,0,0,1,0
07/10/2020,01:15,Wanderers - Fenix,,3.08,0,0,1,2
07/10/2020,09:00,Xinjiang Tianshan - Sichuan Jiuniu,,2.5,0,1,1,2
07/10/2020,18:30,Pistoiese - Pergolettese,,2.62,1,1,1,1
07/10/2020,23:00,Dep. Cali - La Equidad,,3.58,0,0,1,0
08/10/2020,18:00,Quindio - Leones,,2.89,0,0,1,0
08/10/2020,20:45,Gubbio - Arezzo,,2.84,0,0,1,1
08/10/2020,22:00,Orsomarso - Fortaleza,,2.78,1,0,3,2
09/10/2020,02:00,Bragantino - Internacional,,3.06,0,2,0,2
09/10/2020,17:00,Neftekhimik - F. Voronezh,,2.65,2,1,3,1
09/10/2020,20:00,Bourg en Bresse - Villefranche,,2.52,0,0,1,0
09/10/2020,21:30,Operario - Confianca,,2.92,1,1,1,1
10/10/2020,01:00,Carlos Mannucci - FBC Melgar,,2.95,1,1,1,1
10/10/2020,13:00,Trelleborgs - Akropolis,,3.3,0,0,1,1
10/10/2020,16:00,Logrones - Almeria,,2.86,0,0,1,0
10/10/2020,17:30,Progreso - River Plate,,3.36,0,1,1,2
10/10/2020,21:00,La Equidad - Once Caldas,,2.75,1,0,2,0
11/10/2020,00:00,Palmeiras - Sao Paulo,,3.04,0,0,0,2
11/10/2020,16:00,Malaga - Las Palmas,,2.68,0,0,0,0
11/10/2020,17:30,Arezzo - Virtus Verona,,2.74,0,1,0,3
11/10/2020,20:30,Defensor Sp. - Cerro Largo,,3.19,1,0,2,0
11/10/2020,23:15,Atletico GO - Bragantino,,3.1,1,1,2,1
12/10/2020,03:10,Millonarios - Aguilas,,3.87,0,0,0,0
12/10/2020,15:00,Al Ittihad - El Masry,,2.81,1,1,1,2
12/10/2020,18:00,Carlos Stein - Llacuabamba,,3.11,1,2,3,3
12/10/2020,20:00,S. Morning - Rangers,,3.37,1,0,1,1
12/10/2020,23:00,Huila - Quindio,,3.16,1,0,2,1
13/10/2020,02:15,Villa Teresa - Racing Montevideo,,3.03,0,2,0,2
13/10/2020,17:30,Cusco - Dep. Municipal,,2.95,1,0,1,1
13/10/2020,20:45,Concarneau - Le Mans,,2.62,1,0,3,1
14/10/2020,02:30,Guarani - Cuiaba Esporte,,3.02,1,0,1,0
14/10/2020,12:00,"Tochigi - Montedio Yamagata
",,3,0,1,0,1
14/10/2020,18:00,"Patriotas - Dep. Pasto
",,2.82,0,0,1,1
14/10/2020,20:15,"Sport Boys - Cienciano
",,2.96,1,0,2,1
14/10/2020,22:30,"Cesar Vallejo - Ayacucho
",,2.89,2,0,2,1
15/10/2020,00:15,"CRB - Chapecoense-SC
",,2.56,0,0,0,1
15/10/2020,18:00,Santa Fe - La Equidad,,2.95,0,0,1,0
15/10/2020,21:00,"Sporting Cristal - U. de Deportes
",,3.01,1,0,1,0
16/10/2020,01:00,"Ituano - Volta Redonda
",,2.23,1,0,2,0
16/10/2020,19:00,"Umea FC - Trelleborgs
",,3.27,0,0,0,1
16/10/2020,22:00,U. San Martin - AD Cantolao,,2.99,1,1,2,1
17/10/2020,03:00,Quindio - Cortulua,,3.09,0,0,1,2
17/10/2020,11:00,"Tomsk - Baltika
",,3.15,0,1,0,1
17/10/2020,14:00,"Pordenone - Spal
",,2.97,2,1,3,3
17/10/2020,19:00,"Niort - Caen
",,2.92,1,0,3,0
17/10/2020,20:30,"Logrones - Leganes
",,2.66,0,1,0,1
18/10/2020,01:05,"Cucuta - Envigado
",,2.78,0,0,1,0
18/10/2020,07:00,"Okayama - Omiya Ardija
",,3.04,0,1,3,2
18/10/2020,12:00,"Eibar - Osasuna
",,2.84,0,0,0,0
18/10/2020,15:00,"Pistoiese - Piacenza
",,2.41,1,0,2,1
18/10/2020,17:15,"AEL Larissa - Asteras Tripolis
",,2.85,0,1,1,3
18/10/2020,21:00,"Pereira - Junior
",,2.81,0,2,0,2
19/10/2020,01:30,"Fortaleza - Palmeiras
",,3,2,0,2,0
19/10/2020,19:00,"Djurgarden - Malmo FF
",,3.52,0,1,3,2
19/10/2020,22:30,"Grau - Cajamarca
",,3.09,0,0,0,0
20/10/2020,01:00,"Manaus - Botafogo PB
",,2.51,3,1,3,2
20/10/2020,03:00,"Dep. Cali - Santa Fe
",,2.96,1,0,3,2
20/10/2020,21:30,Estoril - Feirense,,2.81,2,1,3,3
21/10/2020,00:15,"Oeste - Nautico
",,2.89,0,0,0,1
21/10/2020,02:30,"Operario - Cruzeiro
",,3.06,0,0,0,1
21/10/2020,19:00,"Las Palmas - Castellon
",,2.82,0,0,2,1
21/10/2020,21:30,Figueirense - CRB,,2.66,1,0,2,0
22/10/2020,02:30,"Vasco - Corinthians
",,2.85,0,1,1,2
22/10/2020,21:30,"Malaga - Gijon
",,2.65,1,0,1,0
23/10/2020,01:00,"Aguilas - Leones
",,3.13,1,0,2,0
23/10/2020,03:00,"Patriotas - Santa Fe
",,2.97,0,2,1,3
23/10/2020,17:00,"Gaz Metan Medias - FC Botosani
",,3.01,0,1,1,2
23/10/2020,18:30,"Nurnberg - Karlsruher
",,3.31,1,0,1,1
23/10/2020,21:30,"River Plate - Danubio
",,2.85,3,0,4,0
24/10/2020,00:15,"Brasil de Pelotas - CSA
",,2.73,1,1,1,1
24/10/2020,12:00,"Heilongjiang Lava - Nantong Zhiyun
",,2.8,1,0,1,1
24/10/2020,14:00,"Pordenone - Reggina
",,3.07,0,1,2,2
24/10/2020,16:00,"Barrow - Walsall
",,3.37,1,1,2,2
24/10/2020,18:15,"Cartagena - Las Palmas
",,2.8,2,0,3,0
24/10/2020,20:30,"Almeria - Fuenlabrada
",,2.66,1,0,3,0
25/10/2020,14:00,"Valladolid - Alaves
",,3.06,0,0,0,2
25/10/2020,15:30,Wolfsburg - Arminia Bielefeld,,4.1,2,0,2,1
25/10/2020,17:30,"Envigado - Petrolera
",,2.6,1,3,3,3
25/10/2020,21:00,"Tombense - Volta Redonda
",,3.2,1,0,1,0
26/10/2020,02:10,"Ind. Medellin - Dep. Cali
",,3.18,1,3,2,3
26/10/2020,18:00,"Alcorcon - Mallorca
",,2.67,0,2,0,2
26/10/2020,21:00,"Levante - Celta Vigo
",,3.34,0,0,1,1
27/10/2020,00:00,"Aguilas - Pereira
",,2.84,1,0,1,0
27/10/2020,15:00,"Entella - Pisa
",,2.95,1,0,3,1
27/10/2020,20:00,"Barnsley - QPR
",,3.36,2,0,3,0
28/10/2020,07:30,"Jiangxi Liansheng - Heilongjiang Lava
",,3.16,1,1,1,1
28/10/2020,15:00,"Valdivia - Rangers
",,2.93,0,0,0,1
28/10/2020,18:00,"Bastia-Borgo - Boulogne
",,2.68,0,0,2,1
28/10/2020,21:30,"R. Oviedo - Logrones
",,2.97,1,0,2,3
29/10/2020,01:30,"Millonarios (Col) - Dep. Cali (Col)
",,2.77,0,0,1,2
29/10/2020,16:30,"Alcorcon - Gijon
",,2.64,0,0,1,2
29/10/2020,19:00,"Mirandes - Zaragoza
",,2.74,0,0,1,0
29/10/2020,21:00,"Real San Andres - Chico
",,3,1,1,2,1
30/10/2020,18:30,"FC Juniors - Grazer
",,3.61,0,0,2,0
30/10/2020,21:00,"Eibar - Cadiz CF
",,2.77,0,2,0,2
30/10/2020,22:45,"Tacuarembo - Juventud
",,2.33,1,0,1,2
31/10/2020,11:00,"Suzhou Dongwu - Jiangxi Liansheng
",,2.96,0,1,2,1
31/10/2020,20:30,"Paganese - Teramo
",,3.09,0,1,1,2
31/10/2020,19:00,"Rio Ave - Moreirense
",,3.78,1,0,2,0
31/10/2020,21:30,"Jaguares de Cordoba - Envigado
",,2.84,0,0,0,0
01/11/2020,00:00,"Millonarios - Atl. Nacional
",,3.18,3,0,3,0
01/11/2020,12:00,"Valencia B - Hercules
",,2.79,0,0,0,0
01/11/2020,15:00,"Reggina - Spal
",,3.28,0,1,0,1
01/11/2020,17:30,"La Nucia - Villarreal B
",,2.88,1,0,1,2
01/11/2020,21:00,"Valencia - Getafe
",,3.01,1,0,2,2
02/11/2020,02:10,"Ind. Medellin - Once Caldas
",,3.1,0,1,1,1
02/11/2020,18:15,"H. Akko - Hapoel Afula
",,2.62,1,0,2,0
02/11/2020,23:30,"Central Esp. - Atenas
",,2.9,0,1,2,1
03/11/2020,02:15,"Pereira - America De Cali
",,3.06,0,1,0,1
03/11/2020,18:30,"Chippa Utd. - Maritzburg Utd
",,2.9,1,1,3,1
03/11/2020,20:00,"Bolton - Mansfield
",,3.42,0,0,1,1
03/11/2020,23:15,"Brasil de Pelotas - Sampaio Correa
",,2.96,0,0,0,0
04/11/2020,01:30,"Deportes Tolima (Col) - Union La Calera (Chi)
",,3.49,1,1,1,1
04/11/2020,11:00,"Yamaga - Tochigi
",,2.92,0,0,0,0
04/11/2020,19:00,"Zaragoza - Girona
",,3.02,0,1,2,2
04/11/2020,20:45,"Derby - QPR
",,3.38,0,0,0,1
04/11/2020,23:00,"Ceara - Santos
",,3.24,0,0,1,0
05/11/2020,01:30,"Penarol (Uru) - Velez Sarsfield (Arg)
",,3.24,0,0,1,1
05/11/2020,11:00,"Heilongjiang Lava - Suzhou Dongwu
",,3.02,0,0,0,0
05/11/2020,20:15,"Gualaceo - Nueve de Octubre
",,2.76,3,0,3,2
06/11/2020,01:30,Atl. Tucuman (Arg) - Independiente (Arg),,3.06,1,1,1,1
06/11/2020,14:00,"MS Kafr Qasim - H. Akko
",,3.14,0,1,1,1
06/11/2020,18:00,"Concarneau - Villefranche
",,2.8,1,0,1,0
06/11/2020,20:00,"Stade Briochin - Red Star
",,2.97,1,0,1,0
06/11/2020,21:30,"Belenenses - Rio Ave
",,3.17,0,0,0,0
07/11/2020,00:00,"Envigado - La Equidad
",,2.89,0,1,1,1
07/11/2020,14:00,"Cosenza - Brescia
",,3.13,0,1,1,2
07/11/2020,16:00,"Derby - Barnsley
",,3.32,0,1,0,2
07/11/2020,19:00,"Andorra - Barcelona B
",,2.82,1,0,1,0
07/11/2020,20:30,"Figueirense - Operario
",,2.67,0,0,0,1
08/11/2020,00:00,"Plaza Amador - Arabe Unido
",,2.66,0,1,0,2
08/11/2020,07:30,"Nei Mongol - Heilongjiang Lava
",,2.84,1,1,1,1
08/11/2020,12:00,"Hercules - Pena Deportiva
",,3.09,0,0,1,0
08/11/2020,13:30,"Regensburg - VfL Osnabruck
",,3.33,1,2,2,4
08/11/2020,16:00,"Nacional - Gil Vicente
",,3.14,0,1,2,1
08/11/2020,17:30,"Helsingborg - Goteborg
",,3.19,0,1,0,1
08/11/2020,21:00,"Entella - Lecce
",,3.44,0,1,1,5
09/11/2020,02:10,"Atl. Nacional - Dep. Pasto
",,3.32,0,0,1,0
09/11/2020,19:30,"Hapoel Tel Aviv - Hapoel Hadera
",,2.88,0,0,1,0
09/11/2020,01:30,"Central Cordoba - Defensa y Justicia
",,3.17,2,2,2,2
10/11/2020,19:00,"Progreso - Rentistas
",,3.2,0,0,0,0
10/11/2020,23:00,"CSA - Chapecoense-SC
",,2.77,0,0,0,1
11/11/2020,02:10,"Santa Fe - Deportes Tolima
",,2.64,0,0,1,0
11/11/2020,12:30,"Olbia - Pergolettese
",,2.71,0,3,1,4
11/11/2020,15:00,"Legnago Salus - Matelica
",,2.67,1,0,1,2
11/11/2020,17:00,"Llagostera - L Hospitalet
",,2.9,1,0,1,1
11/11/2020,20:45,"Virtus Verona - FeralpiSalo
",,2.37,2,0,3,0
12/11/2020,00:05,"Chico - Aguilas
",,2.87,0,1,1,2
12/11/2020,14:00,"Plaza Colonia - CA Cerro
",,2.92,1,0,3,0
12/11/2020,17:00,"Carlos Mannucci - FBC Melgar
",,3.12,0,0,0,0
12/11/2020,21:00,"Magallanes - San Felipe
",,2.79,1,1,1,1
13/11/2020,14:00,"MS Kafr Qasim - Hapoel Kfar Shalem
",,3.38,0,1,1,1
13/11/2020,17:30,"Everton - O'Higgins
",,3.68,0,0,0,1
14/11/2020,01:15,"Atl. Tucuman - Union de Santa Fe
",,2.99,0,0,3,1
14/11/2020,12:00,"Ebro - SD Logrones
",,2.83,0,0,0,0
14/11/2020,15:00,"Entella - Venezia
",,3.22,0,0,0,2
14/11/2020,17:00,"Bourg en Bresse - Creteil
",,2.94,0,0,0,0
14/11/2020,19:30,"Patriotas - Jaguares de Cordoba
",,3.24,0,0,2,0
15/11/2020,00:00,"Envigado - Ind. Medellin
",,3.05,2,0,2,1
15/11/2020,12:00,"Badalona - Llagostera
",,2.83,0,0,0,0
15/11/2020,15:00,"Gubbio - Virtus Verona
",,2.8,1,1,1,1
15/11/2020,17:00,"Alcoyano - Hercules
",,2.77,0,0,0,0
15/11/2020,18:30,"Castellon - Cartagena
",,3.03,0,0,2,1
15/11/2020,22:00,"Las Palmas - Tenerife
",,2.8,0,0,1,0
16/11/2020,00:00,"Pereira - Dep. Pasto
",,2.88,1,1,1,1
16/11/2020,16:45,"Villa Teresa - Atenas
",,2.89,0,0,1,1
16/11/2020,18:15,"Hapoel Kfar Shalem - H. Akko
",,3.05,0,1,0,1
16/11/2020,20:00,"Boa - EC Sao Jose
",,2.27,0,0,1,0
16/11/2020,21:30,Sport Huancayo - Llacuabamba,,3.6,2,0,4,3
17/11/2020,00:00,"Botafogo RJ - Bragantino
",,3.14,1,1,1,2
17/11/2020,08:30,"Xinjiang Tianshan - Heilongjiang Lava
",,2.51,2,0,3,2
17/11/2020,14:10,"Sanat Naft - Paykan
",,2.36,0,1,2,1
17/11/2020,19:00,"Juventud - Villa Espanola
",,2.9,0,0,0,0
18/11/2020,14:00,"Granada CF B - Sevilla FC B
",,2.93,2,2,2,2
18/11/2020,17:30,"Llagostera - UCAM Murcia
",,3.01,2,0,2,1
18/11/2020,21:30,"Envigado - Junior
",,2.96,2,1,3,3
19/11/2020,00:00,"Plaza Amador - Tauro
",,2.3,0,0,0,1
19/11/2020,13:40,"Nassaji Mazandaran - Tractor
",,2.9,0,0,1,1
19/11/2020,21:00,"Pereira - Ind. Medellin
",,3.06,0,0,0,2
20/11/2020,14:00,"Nes Tziona - Hapoel Umm al-Fahm
",,3.01,0,0,2,0
20/11/2020,16:45,"Atenas - Juventud
",,2.61,1,1,2,3
20/11/2020,19:00,"Annecy - Villefranche
",,2.91,1,0,1,0
20/11/2020,21:00,"Osasuna - Huesca
",,3.12,0,1,1,1
21/11/2020,12:00,"Ebro - Tudelano
",,2.74,1,1,2,1
21/11/2020,14:00,"Pordenone - Monza
",,3.18,1,0,1,1
21/11/2020,16:00,"Millwall - Cardiff
",,3,1,0,1,1
21/11/2020,19:00,"Amiens - Clermont
",,3.07,1,0,1,1
21/11/2020,21:00,"Atl. Madrid - Barcelona
",,3.42,1,0,1,0
21/11/2020,23:20,"Huracan - Velez Sarsfield
",,3.29,1,2,1,2
22/11/2020,12:00,"Algeciras - Tamaraceite
",,2.88,1,1,2,1
22/11/2020,14:00,"Eibar - Getafe
",,2.92,0,0,0,0
22/11/2020,16:30,"Alcoyano - Levante B
",,2.96,1,0,1,0
22/11/2020,22:15,Botafogo RJ - Fortaleza,,3.15,0,0,1,2
23/11/2020,00:00,Jacuipense - Treze PB,,2.6,1,1,3,2
23/11/2020,02:10,"Dep. Pasto - Santa Fe
",,2.83,1,0,1,0
23/11/2020,18:00,"MS Kafr Qasim - Nof Hagalil
",,2.76,0,1,0,1
23/11/2020,19:30,"Hapoel Jerusalem - H. Ironi Rishon
",,2.89,0,1,1,1
23/11/2020,21:30,"Figueirense - Sampaio Correa
",,3.02,1,0,1,2
24/11/2020,00:00,"Botafogo PB - Remo
",,2.92,0,0,0,0
24/11/2020,14:30,"Spal - Monza
",,3.28,0,0,2,0
24/11/2020,18:30,"Swallows - Kaizer Chiefs
",,2.88,0,0,1,0
24/11/2020,20:45,"Orleans - Boulogne
",,2.91,0,0,1,0
24/11/2020,23:15,"Confianca - Cuiaba Esporte
",,3.03,0,0,2,0
25/11/2020,13:50,"Saipa - Nassaji Mazandaran
",,2.39,0,0,1,0
25/11/2020,16:30,"Olot - Barcelona B
",,2.75,1,1,2,1
25/11/2020,18:15,"Sion - Servette
",,3.56,1,0,2,0
25/11/2020,20:45,"Coventry - Cardiff
",,3.39,0,0,1,0
25/11/2020,23:00,"Nautico - Vitoria
",,3.19,0,0,0,0
26/11/2020,19:00,"Leganes - Espanyol
",,2.89,1,0,2,0
26/11/2020,21:00,"Rentistas - Plaza Colonia
",,3.09,0,0,1,0
27/11/2020,02:00,"Bucaramanga - Petrolera
",,2.85,2,1,3,2
27/11/2020,14:00,"H. Ironi Rishon - M. Nazareth
",,2.73,2,0,2,0
27/11/2020,18:00,"Creteil - Villefranche
",,2.71,0,0,1,0
27/11/2020,21:00,"Valladolid - Levante
",,3.33,0,0,1,1
27/11/2020,23:15,"Operario - Parana
",,2.85,0,0,1,0
28/11/2020,14:00,"Elche - Cadiz CF
",,2.77,1,0,1,1
28/11/2020,16:00,"Birmingham - Millwall
",,2.88,0,0,0,0
28/11/2020,18:30,"Huesca - Sevilla
",,3.55,0,0,0,1
28/11/2020,20:00,"Boa - Sao Bento
",,2.94,0,0,0,1
28/11/2020,23:10,"CA Mitre - Belgrano
",,2.75,0,0,0,0
29/11/2020,09:00,"Ural - Sochi
",,3.09,0,0,1,0
29/11/2020,10:30,"Orihuela - Pena Deportiva
",,2.82,0,0,1,0
29/11/2020,12:00,"Tamaraceite - Cadiz CF B
",,2.87,0,0,1,0
29/11/2020,14:00,"Fano - Virtus Verona
",,2.59,1,0,1,2
29/11/2020,16:30,"La Nucia - Alcoyano
",,2.63,0,0,0,0
29/11/2020,20:00,"Cosenza - Salernitana
",,3.26,0,0,0,1
30/11/2020,13:00,"Machine Sazi - Gol Gohar
",,2.88,0,0,0,1
30/11/2020,15:00,"Vitoria Sernache - Leiria
",,3.42,0,0,0,1
30/11/2020,20:00,"Brasil de Pelotas - Operario
",,2.75,0,0,0,0
30/11/2020,22:15,"CA Cerro - Rentistas
",,3.08,0,0,0,2
01/12/2020,17:00,"H. Akko - Hapoel Jerusalem
",,2.56,0,2,0,5
01/12/2020,19:45,"Birmingham - Barnsley
",,3.07,0,0,1,2
01/12/2020,22:15,"Nautico - Guarani
",,3.1,1,0,2,0
02/12/2020,00:30,"Parana - Vitoria
",,2.74,0,1,1,4
02/12/2020,12:40,"Mes Rafsanjan - Tractor
",,2.46,0,0,0,1
02/12/2020,15:15,"AEL Larissa - Aris
",,2.95,0,1,0,3
02/12/2020,17:00,"Las Rozas - Llagostera
",,2.87,0,0,0,0
02/12/2020,20:30,"Lugo - Las Palmas
",,2.84,1,1,1,1
03/12/2020,01:00,"Envigado - Ind. Medellin
",,3.05,0,3,0,3
03/12/2020,18:00,"Almeria - Mallorca
",,2.96,0,0,0,1
03/12/2020,21:00,"Valdivia - San Marcos de Arica
",,3,1,0,2,1
04/12/2020,00:30,"Operario - Avai
",,3.01,0,0,1,1
04/12/2020,13:00,"Hapoel Afula - Hapoel Iksal Imad
",,3.1,2,0,4,0
04/12/2020,15:00,"Oran - JS Kabylie
",,2.79,0,0,0,0
04/12/2020,17:00,"Sete - Creteil
",,2.92,0,0,0,0
04/12/2020,18:30,"Maghreb Fez - FAR Rabat
",,2.91,1,0,2,1
04/12/2020,20:30,"Desamparados - Cipolletti
",,2.98,1,0,1,1
05/12/2020,13:00,"Levante - Getafe
",,3.06,2,0,3,0
05/12/2020,15:30,Valencia B - Levante B,,2.6,3,0,5,0
05/12/2020,17:30,"Laredo - Ath Bilbao B
",,2.85,1,2,2,2
05/12/2020,20:00,"Progreso - Liverpool M.
",,3.15,0,1,1,2
06/12/2020,01:00,"La Equidad - Santa Fe
",,2.94,0,1,1,1
06/12/2020,11:00,"Betis B - Sevilla FC B
",,2.92,2,0,3,0
06/12/2020,14:00,"Reggiana - Monza
",,3.77,0,0,3,0
06/12/2020,16:00,"Llagostera - Barcelona B
",,2.85,0,0,1,0
06/12/2020,18:30,"FUS Rabat - Raja Casablanca
",,2.61,2,1,3,3
06/12/2020,20:10,"Guillermo Brown - CA Mitre
",,2.83,2,0,4,2
06/12/2020,22:10,"Independiente - Defensa y Justicia
",,3.29,1,0,1,0
07/12/2020,17:00,"Ramat Hasharon - Hap. Ramat Gan
",,2.5,2,0,3,0
07/12/2020,20:00,"Pordenone - Empoli
",,3.41,0,0,0,0
07/12/2020,23:00,"Bogota - Valledupar
",,3.11,1,0,1,2
08/12/2020,14:00,"Cremonese - Brescia
",,3.31,1,1,2,2
08/12/2020,16:30,"L Hospitalet - Olot
",,2.96,2,0,3,1
08/12/2020,20:00,"Barcelona - Juventus
",,4,0,2,0,3
08/12/2020,22:15,"Botafogo SP - Ponte Preta
",,3.06,1,0,2,1
09/12/2020,00:30,"CRB - Cruzeiro
",,3.05,0,0,0,0
09/12/2020,14:00,"Fano - Legnago Salus
",,2.82,0,0,1,0
09/12/2020,16:30,"Youssoufia Berrechid - Hassania Agadir
",,2.63,0,0,0,0
09/12/2020,22:15,"Parana - Figueirense
",,2.82,0,0,0,2
10/12/2020,00:40,"Envigado - Pereira
",,3.07,0,0,0,1
10/12/2020,10:30,"Umraniyespor - Boluspor
",,3.13,0,0,0,2
10/12/2020,18:00,"Girona - Logrones
",,3.37,0,0,2,0
10/12/2020,22:15,"Lanus (Arg) - Independiente (Arg)
",,3.12,0,0,0,0
11/12/2020,00:30,"Nautico - Brasil de Pelotas
",,3.08,1,0,1,0
11/12/2020,13:00,"H. Akko - M. Nazareth
",,2.85,1,0,1,0
11/12/2020,18:30,"Renaissance Zemamra - FAR Rabat
",,2.83,0,0,0,2
11/12/2020,20:00,"Valladolid - Osasuna
",,3.09,1,2,3,2
12/12/2020,00:30,"Vitoria - Cruzeiro
",,3.01,0,1,0,1
12/12/2020,14:00,"Valencia - Ath Bilbao
",,3.25,1,0,2,2
12/12/2020,16:00,"Pescara - L.R. Vicenza
",,3.16,1,2,2,3
12/12/2020,18:30,"Huesca - Alaves
",,3.39,0,0,1,0
12/12/2020,21:10,"Newells Old Boys - Estudiantes L.P.
",,3.04,1,0,1,0
13/12/2020,01:30,"Santa Fe - La Equidad
",,3.36,1,0,2,1
13/12/2020,16:00,"El Masry - El Ismaily
",,2.88,0,0,0,0
13/12/2020,18:30,"Elche - Granada CF
",,3.18,0,1,0,1
13/12/2020,21:10,"Comunicaciones - Acassuso
",,2.64,0,0,0,0
14/12/2020,02:00,Junior - America De Cali,,2.96,0,2,1,2
14/12/2020,18:30,"Asteras Tripolis - Atromitos
",,2.83,1,0,2,0
14/12/2020,21:00,"Reggina - Venezia
",,3.16,1,0,1,2
15/12/2020,00:00,"Operario - Ponte Preta
",,2.88,1,0,1,0
15/12/2020,15:00,"Mlila - CR Belouizdad
",,2.81,0,0,0,0
15/12/2020,18:30,"Eintracht Frankfurt - B. Monchengladbach
",,3.85,3,1,3,3
15/12/2020,21:00,"Ascoli - Cosenza
",,3.18,0,1,0,3
16/12/2020,01:30,"Vitoria - Juventude
",,3.16,1,0,1,0
16/12/2020,11:00,"Tochigi - Chiba
",,3.22,0,0,1,0
16/12/2020,13:30,"Aswan SC - El Gaish
",,2.76,0,0,2,1
16/12/2020,15:00,"Legnago Salus - Imolese
",,3.09,1,0,2,1
16/12/2020,16:30,"Amazulu - Golden Arrows
",,2.73,0,1,0,2
16/12/2020,18:30,"Wadi Degla - Arab Contractors
",,2.84,1,1,2,1
16/12/2020,20:45,"Parma - Cagliari
",,3.57,0,0,0,0
16/12/2020,23:15,"Santos (Bra) - Gremio (Bra)
",,3.3,2,0,4,1
17/12/2020,13:30,"El Gouna - El Masry
",,2.95,0,0,1,1
17/12/2020,16:00,"El Ismaily - El-Entag El-Harby
",,2.84,2,1,3,3
17/12/2020,20:30,"Aue - Karlsruher
",,3.44,2,0,4,1
18/12/2020,12:45,"Naft M.I.S - Foolad
",,2.46,0,0,1,0
18/12/2020,15:00,"North East Utd - Jamshedpur
",,2.91,0,0,0,1
18/12/2020,18:30,"Sporting Club Lyon - Le Mans
",,2.86,0,1,1,3
18/12/2020,20:00,"Chambly - Guingamp
",,3.14,1,0,3,0
19/12/2020,14:30,"Biskra - Paradou
",,2.62,0,0,1,1
19/12/2020,16:00,"Sabadell - Castellon
",,2.93,0,1,1,1
19/12/2020,18:00,"Venezia - Spal
",,3.14,0,0,0,0
19/12/2020,21:10,"All Boys - Quilmes
",,2.84,0,0,0,0
19/12/2020,23:00,"Confianca - Ponte Preta
",,2.95,1,1,1,2
20/12/2020,01:00,"Internacional - Palmeiras
",,2.86,1,0,2,0
20/12/2020,12:00,"Sertanense - Marinhense
",,2.95,1,0,2,1
20/12/2020,13:30,"Nurnberg - Aue
",,3.6,1,0,1,0
20/12/2020,15:30,"FAR Rabat - FUS Rabat
",,2.64,0,0,0,0
20/12/2020,17:00,"Arenas Club - Racing Santander
",,2.9,1,0,1,1
20/12/2020,18:30,"Cadiz CF - Getafe
",,2.87,0,1,0,2
20/12/2020,21:10,"Guillermo Brown - Belgrano
",,2.76,0,1,0,1
21/12/2020,13:30,"National Bank Egypt - El-Entag El-Harby
",,2.76,0,0,3,0
21/12/2020,16:00,"El Gouna - El Ismaily
",,2.66,0,1,2,1
21/12/2020,18:00,"H. Raanana - H. Akko
",,3.21,0,1,0,1
21/12/2020,21:30,"Tenerife - Girona
",,2.99,2,0,2,0
21/12/2020,23:20,"Central Cordoba - Velez Sarsfield
",,3.13,0,1,0,2
22/12/2020,17:30,"Elche - Osasuna
",,3.06,0,1,2,2
22/12/2020,19:00,"Pordenone - Cremonese
",,3.14,0,0,1,2
22/12/2020,22:00,"Magallanes - Cobreloa
",,3.01,1,1,1,1
23/12/2020,01:30,"Ponte Preta - Cruzeiro
",,2.94,0,1,2,1
23/12/2020,12:30,"Sambenedettese - Virtus Verona
",,3.12,0,0,1,0
23/12/2020,14:30,"Constantine - USM Alger
",,2.87,1,0,2,1
23/12/2020,22:00,"Alaves - Eibar
",,3,2,1,2,1
24/12/2020,00:30,"Barnechea - San Luis
",,3.05,1,0,2,0
24/12/2020,14:15,"Sanat Naft - Tractor
",,2.51,1,1,2,1
24/12/2020,18:30,"Wadi Degla - Smouha
",,2.7,1,1,1,2
25/12/2020,13:30,"Aswan SC - El Gouna
",,2.94,0,0,0,1
25/12/2020,16:00,"Ghazl El Mahallah - El Gaish
",,2.75,1,1,2,1
25/12/2020,17:30,"Moghreb Tetouan - Youssoufia Berrechid
",,2.73,0,0,0,0
26/12/2020,14:00,"Scunthorpe - Mansfield
",,3.17,1,2,2,3
26/12/2020,15:30,"Rapide Oued Zem - FAR Rabat
",,2.85,0,0,0,0
26/12/2020,19:30,"Maghreb Fez - Wydad
",,2.96,0,1,0,1
27/12/2020,01:00,"Brusque - Vila Nova FC
",,3.04,0,0,0,0
27/12/2020,12:30,"Reggiana - Reggina
",,3.13,0,0,0,1
27/12/2020,15:00,"Oran - Relizane
",,3.07,1,0,1,0
27/12/2020,18:00,"Brescia - Empoli
",,3.3,1,2,1,3
27/12/2020,19:30,"Mouloudia Oujda - Berkane
",,2.71,0,0,0,1
27/12/2020,21:10,"Ituzaingo - Berazategui
",,3.06,0,0,1,0
28/12/2020,16:00,"Smouha - Zamalek
",,2.96,0,2,0,2
28/12/2020,21:00,"Brasil de Pelotas - Confianca
",,2.77,1,0,1,0
29/12/2020,01:30,"Colon Santa FE - Banfield
",,3.14,1,0,1,2
29/12/2020,14:30,"Deportes Temuco - Magallanes
",,3.06,0,0,1,1
29/12/2020,18:30,"Birmingham - Derby
",,2.97,0,3,0,4
29/12/2020,19:45,"Moreirense - Santa Clara
",,2.89,0,0,1,0
29/12/2020,21:30,"Cadiz CF - Valladolid
",,2.96,0,0,0,0
30/12/2020,13:30,"El Gouna - Misr Lel Makkasa
",,2.88,1,0,1,0
30/12/2020,15:00,"Reggina - Cremonese
",,3.04,1,0,1,0
30/12/2020,18:30,"Nes Tziona - Hap. Ramat Gan
",,2.91,0,0,0,0
30/12/2020,21:10,"El Porvenir - Excursionistas
",,2.93,0,0,0,1
31/12/2020,14:00,"Monastir - Bizertin
",,3.24,1,1,2,2
31/12/2020,16:15,"Osasuna - Alaves
",,3.23,0,0,1,1
